-1 -1 -1 -1 -1 -1 -1 -1 -1 -1 -1 -1 -1 -1 -1 -1 -1 -1 -1 -1 -1 -1 -1 -1 -1 -1 -1 -1 -1 -1 -1 -1 -1 -1 -1 -1 
-1 -1 -1 -1 -1 -1 -1 -1 -1 -1 -1 -1 -1 -1 -1 -1 -1 -1 -1 -1 -1 -1 -1 -1 -1 -1 -1 -1 -1 -1 -1 -1 -1 -1 -1 -1 
-1 -1 -1 -1 -1 -1 -1 -1 -1 -1 -1 -1 -1 -1 -1 -1 -1 -1 -1 -1 -1 -1 -1 -1 -1 -1 -1 -1 -1 -1 -1 -1 -1 -1 -1 -1 
-1 -1 -1 -1 -1 -1 -1 -1 -1 -1 -1 -1 -1 -1 -1 -1 -1 -1 -1 -1 -1 -1 -1 -1 -1 -1 -1 -1 -1 -1 -1 -1 -1 -1 -1 -1 
-1 -1 -1 -1 -1 -1 -1 -1 -1 -1 -1 -1 -1 -1 -1 -1 -1 -1 -1 -1 -1 -1 -1 -1 -1 -1 -1 -1 -1 -1 -1 -1 -1 -1 -1 -1 
-1 -1 -1 -1 -1 -1 -1 -1 -1 -1 -1 -1 -1 -1 -1 -1 -1 -1 -1 -1 -1 -1 -1 -1 -1 -1 -1 -1 -1 -1 -1 -1 -1 -1 -1 -1 
-1 -1 -1 -1 -1 -1 -1 -1 -1 -1 -1 -1 -1 -1 -1 -1 -1 -1 -1 -1 -1 -1 -1 -1 -1 -1 -1 -1 -1 -1 -1 -1 -1 -1 -1 -1 
-1 -1 -1 -1 -1 -1 -1 -1 -1 -1 -1 -1 -1 -1 -1 -1 -1 -1 -1 -1 -1 -1 -1 -1 -1 -1 -1 -1 -1 -1 -1 -1 -1 -1 -1 -1 
-1 -1 -1 -1 -1 -1 -1 -1 -1 -1 -1 -1 -1 -1 -1 -1 -1 -1 -1 -1 -1 -1 -1 -1 -1 -1 -1 -1 -1 -1 -1 -1 -1 -1 -1 -1 
-1 -1 -1 -1 -1 -1 -1 -1 -1 -1 -1 -1 -1 -1 -1 -1 -1 -1 -1 -1 -1 -1 -1 -1 -1 -1 -1 -1 -1 -1 -1 -1 -1 -1 -1 -1 
-1 -1 -1 -1 -1 -1 -1 -1 -1 -1 -1 -1 -1 -1 -1 -1 -1 -1 -1 -1 -1 -1 -1 -1 -1 -1 -1 -1 -1 -1 -1 -1 -1 -1 -1 -1 
-1 -1 -1 -1 -1 -1 -1 -1 -1 -1 -1 -1 -1 -1 -1 -1 -1 -1 -1 -1 -1 -1 -1 -1 -1 -1 -1 -1 -1 -1 -1 -1 -1 -1 -1 -1 
-1 -1 -1 -1 -1 -1 -1 -1 -1 -1 -1 -1 -1 -1 -1 -1 -1 -1 -1 -1 -1 -1 -1 -1 -1 -1 -1 -1 -1 -1 -1 -1 -1 -1 -1 -1 
-1 -1 -1 -1 -1 -1 -1 -1 -1 -1 -1 -1 -1 -1 -1 -1 -1 -1 -1 -1 -1 -1 -1 -1 -1 -1 -1 -1 -1 -1 -1 -1 -1 -1 -1 -1 
-1 -1 -1 -1 -1 -1 -1 -1 -1 -1 -1 -1 -1 -1 -1 -1 -1 -1 -1 -1 -1 -1 -1 -1 -1 -1 -1 -1 -1 -1 -1 -1 -1 -1 -1 -1 
-1 -1 -1 -1 -1 -1 -1 -1 -1 -1 -1 -1 -1 -1 -1 -1 -1 -1 -1 -1 -1 -1 -1 -1 -1 -1 -1 -1 -1 -1 -1 -1 -1 -1 -1 -1 
-1 -1 -1 -1 -1 -1 -1 -1 -1 -1 -1 -1 -1 -1 -1 -1 -1 -1 -1 -1 -1 -1 -1 -1 -1 -1 -1 -1 -1 -1 -1 -1 -1 -1 -1 -1 
-1 -1 -1 -1 -1 -1 -1 -1 -1 -1 -1 -1 -1 -1 -1 -1 -1 -1 -1 -1 -1 -1 -1 -1 -1 -1 -1 -1 -1 -1 -1 -1 -1 -1 -1 -1 
-1 -1 -1 -1 -1 -1 -1 -1 -1 -1 -1 -1 -1 -1 -1 -1 -1 -1 -1 -1 -1 -1 -1 -1 -1 -1 -1 -1 -1 -1 -1 -1 -1 -1 -1 -1 
-1 -1 -1 -1 -1 -1 -1 -1 -1 -1 -1 -1 -1 -1 -1 -1 -1 -1 -1 -1 -1 -1 -1 -1 -1 -1 -1 -1 -1 -1 -1 -1 -1 -1 -1 -1 
-1 -1 -1 -1 -1 -1 -1 -1 -1 -1 -1 -1 -1 -1 -1 -1 -1 -1 -1 -1 -1 -1 -1 -1 -1 -1 -1 -1 -1 -1 -1 -1 -1 -1 -1 -1 
-1 -1 -1 -1 -1 -1 -1 -1 -1 -1 -1 -1 -1 -1 -1 -1 -1 -1 -1 -1 -1 -1 -1 -1 -1 -1 -1 -1 -1 -1 -1 -1 -1 -1 -1 -1 
-1 -1 -1 -1 -1 -1 -1 -1 -1 -1 -1 -1 -1 -1 -1 -1 -1 -1 -1 -1 -1 -1 -1 -1 -1 -1 -1 -1 -1 -1 -1 -1 -1 -1 -1 -1 
-1 -1 -1 -1 -1 -1 -1 -1 -1 -1 -1 -1 -1 -1 -1 -1 -1 -1 -1 -1 -1 -1 -1 -1 -1 -1 -1 -1 -1 -1 -1 -1 -1 -1 -1 -1 
-1 -1 -1 -1 -1 -1 -1 -1 -1 -1 -1 -1 -1 -1 -1 -1 -1 -1 -1 -1 -1 -1 -1 -1 -1 -1 -1 -1 -1 -1 -1 -1 -1 -1 -1 -1 
-1 -1 -1 -1 -1 -1 -1 -1 -1 -1 -1 -1 -1 -1 -1 -1 -1 -1 -1 -1 -1 -1 -1 -1 -1 -1 -1 -1 -1 -1 -1 -1 -1 -1 -1 -1 
-1 -1 -1 -1 -1 -1 -1 -1 -1 -1 -1 -1 -1 -1 -1 -1 -1 -1 -1 -1 -1 -1 -1 -1 -1 -1 -1 -1 -1 -1 -1 -1 -1 -1 -1 -1 
-1 -1 -1 -1 -1 -1 -1 -1 -1 -1 -1 -1 -1 -1 -1 -1 -1 -1 -1 -1 -1 -1 -1 -1 -1 -1 -1 -1 -1 -1 -1 -1 -1 -1 -1 -1 
-1 -1 -1 -1 -1 -1 -1 -1 -1 -1 -1 -1 -1 -1 -1 -1 -1 -1 -1 -1 -1 -1 -1 -1 -1 -1 -1 -1 -1 -1 -1 -1 -1 -1 -1 -1 
-1 -1 -1 -1 -1 -1 -1 -1 -1 -1 -1 -1 -1 -1 -1 -1 -1 -1 -1 -1 -1 -1 -1 -1 -1 -1 -1 -1 -1 -1 -1 -1 -1 -1 -1 -1 
-1 -1 -1 -1 -1 -1 -1 -1 -1 -1 -1 -1 -1 -1 -1 -1 -1 -1 -1 -1 -1 -1 -1 -1 -1 -1 -1 -1 -1 -1 -1 -1 -1 -1 -1 -1 
-1 -1 -1 -1 -1 -1 -1 -1 -1 -1 -1 -1 -1 -1 -1 -1 -1 -1 -1 -1 -1 -1 -1 -1 -1 -1 -1 -1 -1 -1 -1 -1 -1 -1 -1 -1 
-1 -1 -1 -1 -1 -1 -1 -1 -1 -1 -1 -1 -1 -1 -1 -1 -1 -1 -1 -1 -1 -1 -1 -1 -1 -1 -1 -1 -1 -1 -1 -1 -1 -1 -1 -1 
-1 -1 -1 -1 -1 -1 -1 -1 -1 -1 -1 -1 -1 -1 -1 -1 -1 -1 -1 -1 -1 -1 -1 -1 -1 -1 -1 -1 -1 -1 -1 -1 -1 -1 -1 -1 
-1 -1 -1 -1 -1 -1 -1 -1 -1 -1 -1 -1 -1 -1 -1 -1 -1 -1 -1 -1 -1 -1 -1 -1 -1 -1 -1 -1 -1 -1 -1 -1 -1 -1 -1 -1 
112.17421346247279 -719.3506623736578 4379.438711967027 -19.71469129775393 -717.7898178190401 4428.372226669314 130.92779005491371 -630.2822332199519 4309.6875572124045 16.932619121974774 -628.91379452364 4319.34981752013 48.49468537680491 -705.1696193964978 4366.09588420097 95.90898299316001 -677.0820468056158 4353.917074207069 105.34828826347506 -407.228908677088 4394.051909965895 23.678656076056143 -409.40830916498214 4437.963717325788 96.09501187686533 -187.16008599624843 4418.746159743131 20.94946968500947 -191.55370852036023 4457.691545694863 101.36873008271367 33.52878737415891 4445.806023363428 27.519959859014623 30.731483317963605 4481.4561337210735 
112.16918664216948 -720.1616924555328 4379.517916896528 -19.71469129775393 -717.7898178190401 4428.372226669314 130.9599105051418 -628.1782727229953 4310.128871824664 35.065737141758966 -621.0827674237206 4331.250979910147 46.230150129827315 -702.8144295195826 4365.012168043324 98.20065383428633 -677.2980188430466 4355.416232873286 105.34828826347506 -407.228908677088 4394.051909965895 23.678656076056143 -409.40830916498214 4437.963717325788 96.15466236697763 -187.9703366082893 4418.79174828966 23.25628769067341 -191.47847080825804 4459.343661061085 96.73846596132687 33.11700470313113 4442.668996828875 25.212895554814345 30.518268585701318 4479.790318121799 
112.16918664216948 -720.1616924555328 4379.517916896528 -19.71469129775393 -717.7898178190401 4428.372226669314 133.2708514034622 -626.2528409825633 4311.981549021585 37.32727269827871 -622.0466271401989 4332.814130742473 46.24612922777196 -700.6929355279185 4365.475202160083 98.20065383428633 -677.2980188430466 4355.416232873286 103.03853934016706 -407.1748243327543 4392.526007366979 23.678656076056143 -409.40830916498214 4437.963717325788 93.7351747831051 -190.27564982505038 4416.820688098242 23.25628769067341 -191.47847080825804 4459.343661061085 96.73846596132687 33.11700470313113 4442.668996828875 25.212895554814345 30.518268585701318 4479.790318121799 
112.16918664216948 -720.1616924555328 4379.517916896528 -19.71469129775393 -717.7898178190401 4428.372226669314 133.2708514034622 -626.2528409825633 4311.981549021585 35.084882135918136 -621.35957728866 4333.644890154365 46.24612922777196 -700.6929355279185 4365.475202160083 98.14441111843098 -676.9858928118713 4352.940307033938 103.03853934016706 -407.1748243327543 4392.526007366979 23.61367879778185 -411.61072978865 4437.5096549359005 93.79440641156378 -191.08491548105013 4416.866356605564 23.25628769067341 -191.47847080825804 4459.343661061085 96.73846596132687 33.11700470313113 4442.668996828875 25.212895554814345 30.518268585701318 4479.790318121799 
112.10439126176857 -719.8261961953549 4377.015590440174 -19.704491020429835 -717.4758225981717 4425.999248853337 133.19448775898596 -626.774637753253 4309.563648656846 35.08123218173333 -620.5786191971556 4333.574602712555 46.24612922777196 -700.6929355279185 4365.475202160083 98.08819973324105 -676.6739721981626 4350.465999551162 103.03853934016706 -407.1748243327543 4392.526007366979 21.30958223576418 -411.54922897032753 4435.870954178009 93.6867538454898 -193.3128600171177 4416.44375595974 23.25628769067341 -191.47847080825804 4459.343661061085 96.73846596132687 33.11700470313113 4442.668996828875 25.35530115239471 32.81687928495969 4480.210992523351 
112.10439126176857 -719.8261961953549 4377.015590440174 -17.415856298613217 -717.7342787739457 4427.681363059063 135.4734415301144 -626.9540778714565 4310.972336058953 41.864989075735615 -621.1236884565062 4338.06541009712 46.2202987826127 -700.3767442601526 4363.0589671091175 98.03201964762948 -676.3622568042404 4347.993308858076 103.03853934016706 -407.1748243327543 4392.526007366979 21.30958223576418 -411.54922897032753 4435.870954178009 93.52713048512209 -195.46192320389991 4413.44448938047 23.25628769067341 -191.47847080825804 4459.343661061085 96.73846596132687 33.11700470313113 4442.668996828875 25.35530115239471 32.81687928495969 4480.210992523351 
112.10439126176857 -719.8261961953549 4377.015590440174 -17.411433539902642 -718.1899838221946 4425.3747621287785 135.31609144669682 -626.3697795633274 4305.975831598857 46.426451824477745 -620.1521614092366 4341.585141145387 46.194479117737295 -700.0607522471365 4360.644244291831 100.2662699289551 -675.4601865809732 4346.929771554037 103.01220709668668 -407.80175542477815 4390.042847899601 23.632107247774467 -412.21923426597294 4435.091187693988 95.90138035779977 -196.92880777374336 4412.501019787385 23.25628769067341 -191.47847080825804 4459.343661061085 96.59438205767022 30.83923207114509 4442.262088520709 25.212895554814345 30.518268585701318 4479.790318121799 
112.03963288306515 -719.49092320692 4374.514917952662 -15.122224444123178 -718.4490554042119 4427.054453761264 135.2694974775394 -623.9770229965734 4303.919961074952 44.04384160855115 -624.0756824441974 4328.562406803455 46.194479117737295 -700.0607522471365 4360.644244291831 100.20617454619102 -675.9531538808283 4344.534486029504 102.95449262215448 -407.6182226862945 4387.500813681019 23.620801535767505 -412.03982260332606 4432.617910750581 95.84793730939128 -196.84987224532208 4409.923911604566 23.25628769067341 -191.47847080825804 4459.343661061085 96.59438205767022 30.83923207114509 4442.262088520709 25.212895554814345 30.518268585701318 4479.790318121799 
114.22118225427045 -718.2513878190917 4370.957649109216 -15.122089472676496 -720.2810529089802 4424.19511669837 137.46594484358945 -623.8637210255341 4302.820721456165 39.45336644921258 -625.2201939818323 4318.645028624726 46.14287205386669 -699.4293652524456 4355.81932975933 102.37655784252445 -675.5430979968088 4341.0684114440755 105.26156461537417 -407.67273619080345 4389.019177932098 23.64979845469592 -412.8275394041853 4432.674679945361 95.84793730939128 -196.84987224532208 4409.923911604566 23.30194178348587 -192.1941509229413 4456.86869171496 96.59438205767022 30.83923207114509 4442.262088520709 25.35530115239471 32.81687928495969 4480.210992523351 
114.15520067131304 -717.9164985588272 4368.458115276292 -12.819620744850326 -719.9081260527795 4421.114431989963 137.38596429960774 -623.5730225856342 4300.324117526092 30.404714129188275 -626.257014793822 4308.2497863450735 46.09130793483271 -698.7987730806128 4351.000447385036 102.3538194159243 -677.6550640582894 4340.614164605848 105.20248628231258 -407.4890840699125 4386.475051182302 23.638446840040956 -412.6480068830511 4430.203001112128 98.15983413893497 -197.50915648033097 4408.92840192892 23.188318094455344 -194.36660473155462 4453.9149063317445 96.59438205767022 30.83923207114509 4442.262088520709 25.35530115239471 32.81687928495969 4480.210992523351 
116.32647276856126 -717.4864051506775 4364.972440106638 -12.813132745605344 -719.5921837024025 4418.737834925846 137.19415303155915 -625.089027978357 4294.8982531620595 30.33371352535682 -627.5276537212914 4300.695980017221 48.312297172228504 -697.6121721759711 4347.632050301467 104.58030674476058 -677.5555041126363 4339.615190418794 107.44930544134407 -407.3596216800212 4385.444451069794 25.927962205419558 -412.53098637917003 4429.357484460291 100.46867879229438 -197.43816156684775 4410.462970119968 23.177658365259536 -194.29097368623724 4451.400093960352 96.67887694914987 30.02700429343964 4442.294916361183 25.44025499502525 32.02502666294216 4480.241048830512 
118.56253129695902 -717.3903227466169 4363.979872556243 -10.515093615804133 -719.2179736433452 4415.647980061932 139.38504705493588 -624.9739576095068 4293.788951570988 32.543885983938324 -628.9978118899281 4299.9261136368605 52.799243938997826 -697.4363746317969 4345.841803454907 106.86417539113522 -678.5753817598707 4341.167130775101 109.69494266215123 -407.2298359337454 4384.409016599246 28.2165768795952 -412.4136272060075 4428.507016693876 100.41243980153864 -197.3589672791812 4407.881667125731 25.458213721992056 -194.06608483291376 4448.008775072635 98.99313874333978 30.231098867639528 4443.862582827814 25.44025499502525 32.02502666294216 4480.241048830512 
118.42533832391892 -716.7204664293129 4358.980760262434 -5.93696613476593 -719.4158189568357 4416.586175496046 143.76291990037103 -624.7421786403127 4291.556524701852 41.48764515550743 -630.0128804607509 4302.7379139706745 59.55559407765157 -697.4844853277609 4345.540905657818 109.14502747933858 -680.4051645040146 4342.800035714551 111.87624816678299 -406.91584447437174 4380.820099722617 32.8076002021836 -412.35796729087764 4429.272056176908 102.60537857389497 -196.3973904310032 4406.7835786508895 27.721981657436128 -193.76566040374462 4442.094994691662 98.99313874333978 30.231098867639528 4443.862582827814 25.44025499502525 32.02502666294216 4480.241048830512 
118.20091940384039 -717.8289089246043 4351.034532677024 -3.638946789282838 -717.9483878378397 4411.021504141941 145.86396754040004 -623.5172225718909 4287.854113764969 64.10752504625427 -626.9594669598871 4323.3064250645075 61.79584658694179 -697.3940312986055 4344.626521068174 111.30645851260559 -679.9913315168101 4339.308927030639 116.2872370870636 -408.8278545334117 4378.286247852621 35.05912220461949 -411.87942935323366 4423.444417045022 104.95303620750352 -190.91383648316688 4403.9344317912055 30.026183260758668 -190.43712226127934 4436.56082376268 98.93652704082837 30.193453728731907 4441.230145225285 25.44025499502525 32.02502666294216 4480.241048830512 
122.73115792614034 -717.1548854982095 4351.43217521782 -1.3509092833554872 -717.2527772358794 4405.517891819708 150.23114812560578 -623.2804069936079 4285.589972902242 66.22553323035018 -626.7993390699645 4315.154208294632 64.03507860254223 -697.3029441241521 4343.7073844426495 113.52965346287984 -679.8916574811043 4338.2936476536925 118.39227967364175 -408.32558227422766 4372.126691130286 37.27530978111157 -410.60959602932957 4417.551560818497 107.25009567781126 -187.72924957140066 4403.241818234547 34.557299544002746 -189.98976088844563 4429.718063321892 98.93652704082837 30.193453728731907 4441.230145225285 25.427535116572827 31.98936539792827 4477.675717844963 
124.95805867231661 -717.0544851952535 4350.41720926446 3.21649870832036 -717.1251454406375 4404.020335625073 152.32218213236766 -622.051175054865 4281.8675284197 70.51150249858561 -626.2538857692039 4303.600335022772 66.2371811654767 -696.1030078365559 4340.282502040509 118.10455888488208 -681.1333129938638 4341.308381742637 122.86165696503559 -408.060763353116 4369.991246694104 41.81274214993848 -410.1891041014035 4413.298972221508 107.12928165394453 -187.58054484816 4398.0712060683445 36.68654418041642 -188.6813584546307 4416.192974590636 98.93652704082837 30.193453728731907 4441.230145225285 25.41482329020373 31.95372751774654 4475.112073924055 
126.9666133886125 -715.132959165191 4341.817938346564 5.492251266476987 -716.4257104613667 4398.489259430471 156.6785234510308 -621.8093525194455 4279.57182048185 77.28313151084483 -626.79723358392 4307.900376369666 68.43456299147583 -695.6923659572492 4336.9244142336065 117.83114167764556 -679.8693058087187 4331.35717858299 124.88108959637452 -407.3719083730614 4361.256336055842 46.36536032065735 -409.9469173740969 4411.505779158279 111.72439578040623 -185.06047905903048 4396.334639633505 41.24755325633498 -185.86427864375028 4404.703193251867 98.93652704082837 30.193453728731907 4441.230145225285 27.802127438951114 27.425648035561714 4471.313198493556 
129.11553717729012 -713.8814304637036 4338.208459335294 10.053919699845638 -715.5160879041389 4396.882300627935 158.75945902546007 -620.5758854742916 4275.829496689476 79.49937590330651 -627.488155729117 4306.979862775967 72.8595048030719 -695.1855352964002 4332.614315968378 119.9138568748558 -678.3265215012681 4325.273168163457 127.03612213211898 -407.0531705438868 4357.6187146619195 48.61856532887663 -410.2586520112964 4405.684331296955 113.90665383848318 -184.09585094803845 4395.204080455864 50.32802625573753 -185.9833785566274 4398.394736748782 98.93652704082837 30.193453728731907 4441.230145225285 27.938846298116303 25.775071193500764 4466.253780247888 
133.47244038256727 -713.3352613447889 4333.627601405839 12.32087936910598 -714.035675174027 4391.252776961389 158.47794551964296 -618.8817061449486 4268.239114817248 77.10969344044157 -626.4534824400195 4298.27517065827 75.04797692159852 -693.9792576977541 4329.159599359481 122.05607357225352 -677.9079678346257 4321.746546682021 126.89142306711254 -406.6831869353955 4352.5201798711905 50.853266096125374 -413.1169905717659 4404.385182650557 116.0809117222239 -183.87196670741747 4391.5236842301465 54.78624383049873 -185.5392043777002 4391.408219592014 98.8799541886668 30.15583460140062 4438.599532483204 29.88496485419019 21.248520733738328 4454.272776275186 
140.19523900504643 -712.5346646899093 4332.892455270922 16.868638654618785 -713.8946601580237 4389.677713112236 160.58545628728518 -615.5634876903543 4264.918174400404 77.04823035888363 -622.2044490081594 4293.721656042275 79.47717401114984 -691.3624392364414 4325.260592224834 123.98287791699485 -675.7334064326348 4310.687064790967 131.29073041540886 -407.04523861735 4347.834243899541 53.06711042914084 -412.6317170103705 4398.4909396157855 115.8892771194833 -182.91303700263472 4386.299584942557 59.093671070959985 -187.23456016287219 4381.462215864485 98.73625678656977 27.880645118240764 4438.193661777572 36.727910655074574 20.85462227371898 4441.264920242301 
144.61727463801066 -712.3164187463286 4330.765143404504 19.13047735308036 -713.5050262197509 4386.486646725788 164.95033802944468 -612.4093761129834 4262.912560254051 79.293731995285 -615.529628598057 4291.604163407883 83.97253554542425 -691.4821458104002 4325.757476319487 128.46393457336504 -675.8350246034353 4311.043073318043 133.43251507087 -406.72564288873264 4344.175522783141 57.59919996106423 -412.3869999330637 4396.632213681266 113.41550017504304 -185.13207901046408 4381.816495696423 63.55350251973739 -186.85972892640896 4376.933036283426 98.65123148628243 28.69300958827522 4438.161146179166 43.47094979281972 21.278596560062514 4430.709075250811 
146.59489340878497 -708.2790166702066 4322.530637161339 21.391951287161096 -712.3351126767916 4383.216209674794 167.0160561693829 -611.9938305769949 4259.222433539563 79.32126730243921 -613.4331617308021 4292.0415675978875 88.38887232255782 -688.8628237593176 4321.810241232864 130.61458822086502 -673.3167450665622 4307.934186716471 135.5387705612842 -405.58905920500547 4340.447112994113 57.50834685191444 -411.22808026546033 4391.594440033264 115.58758063295147 -184.166941701649 4380.672262325486 68.02459807200847 -187.20799306475107 4369.904385424817 98.42376015438268 25.501357174135443 4429.911497681153 50.126664731280194 21.636702645235175 4414.975553469104 
151.00142735111615 -708.0549054791002 4320.362460095693 25.913374611695236 -711.8676637768443 4379.19282893777 169.1111513323094 -608.6765981127586 4255.870056038952 79.20400007901027 -614.1796716370795 4286.6873410109765 90.55759805121751 -688.4455062141017 4318.380079192266 132.81917434913086 -672.3961303454118 4306.776356640062 137.67252899563286 -405.26826882715864 4336.774428960688 59.706165108524594 -410.74127554184 4385.676401578849 118.04966580804538 -183.4305980708376 4380.071378625027 70.16877004195042 -187.56159206393266 4358.8558941782885 98.94577284870331 19.78508054053836 4427.526054159157 59.01040142857954 22.191117121237937 4400.70125402284 
150.64850426439992 -706.7136897987187 4310.323101036472 28.147254105518844 -711.1548777462618 4373.571371952089 168.8126897976189 -607.8147197785617 4248.357915479159 83.70419026680177 -614.5252604849887 4289.491178760028 92.72259729031121 -688.0272167140575 4314.942725563163 134.8609215271746 -671.6589203924259 4300.719898172993 139.9630233480834 -405.3171199652266 4338.199649708672 61.86463805797152 -412.61007885985094 4381.800025265613 120.2804067273226 -183.27929210347847 4378.962768069029 74.54542480107217 -190.18222729110923 4353.890394930693 99.10911246559003 21.206550806388805 4425.345519938407 70.10339648637022 28.928369900417557 4380.8562517361415 
152.6654530899175 -705.9297822350499 4304.2109215362525 30.39221407384312 -710.759301867223 4370.340787154685 170.96716016350462 -607.6861300082513 4247.156022900131 85.90775107695693 -614.4190359285454 4288.465769731505 92.56564359505086 -686.2806318752613 4307.544940073576 136.90004331408517 -670.1078409033082 4294.575480317177 142.05904959703105 -404.1774405422088 4334.450933822851 64.05121933910186 -412.119561544932 4375.868532149479 122.44968290979264 -182.31282284073254 4377.80292773127 81.08072489613595 -191.85084896401747 4347.792234526854 98.88928713344846 19.752233803292025 4424.905920925766 78.27865186304543 33.33474238116406 4358.498665004122 
154.768986181976 -704.6616362481222 4300.515241276505 32.61008367422978 -707.6071669257734 4362.768688608663 177.3171171763902 -607.0095191275134 4241.015766315391 90.19235722475342 -606.818264525768 4277.985925992575 96.87751574153029 -684.6419119581055 4300.568576533127 141.3062885618311 -667.7943657532632 4292.816601234603 144.26642916200367 -404.0399454588257 4333.31338170194 66.26731839919184 -411.8111323244239 4372.415459026929 120.09123708844896 -181.57868638513878 4376.283680212758 85.43390321882643 -194.4634232515203 4342.7705295590085 98.84354657448408 24.48934344476038 4427.82621221031 86.80631509916519 37.60808104246211 4339.053388702051 
156.77414016512432 -703.8757493410141 4294.390292351972 34.84582123811449 -707.2107573160513 4359.520259466842 179.3958690214592 -604.5191284746893 4237.707268632875 90.01102733290297 -605.2245940565216 4268.877212707112 99.04933631283401 -682.1285317977326 4297.551540039376 145.68222235912916 -667.5686940847611 4290.597281303158 146.46143708793184 -401.5669646064583 4330.034326416153 66.22642135042908 -409.09769440673 4365.397421003882 119.96162336944445 -180.69330492602822 4373.653149339863 89.8237439831443 -194.08448176658246 4338.082191508209 101.35375928435803 30.041312407553946 4430.145193412779 93.14739266693473 40.89089800660778 4320.676723312236 
158.68169736424767 -701.9371681554763 4285.675897120136 37.057292392235894 -706.4961583116518 4353.865639210525 181.2150204523871 -602.706428567658 4228.8764093870695 92.17653492800305 -602.7600528050575 4265.8293331585555 98.76733623333061 -680.5574188129732 4285.3717214496755 147.63443037600936 -664.4309082490302 4282.441855019063 148.4606065936805 -400.2427041024986 4323.707517573455 68.33123598853352 -407.63336816819094 4356.913171498493 122.12587918507369 -179.7260341476403 4372.490398330502 94.09315921382594 -192.8273638200601 4330.7990116103265 105.89231117127831 31.259284140795536 4433.2052994962305 96.95800156091578 42.53005105493399 4300.492308649274 
163.039420701864 -701.6962587116067 4283.405635325945 39.27601134384334 -703.6682623813244 4348.663307861384 183.0662359100013 -599.6526246326569 4220.545169251869 101.27496807511395 -602.3744478167986 4276.002512289647 103.10237429097126 -680.0266311584958 4280.857498427713 151.76199301352122 -659.551919417773 4272.975494910678 148.28925973368038 -399.8763811762761 4318.599935923325 70.5335745251219 -407.3252607072773 4353.441599565259 124.20894787092706 -179.4298659367377 4366.195506522021 96.14386115933983 -192.44559623441808 4322.126732370587 108.06151876379764 29.188912377753876 4434.349391956561 102.73566843004187 34.10012934022769 4287.874179074304 
165.02203429416767 -700.9064994173729 4277.254596468147 41.475629194914845 -702.9542061767636 4342.99214015915 182.84616947897624 -598.2625482754283 4215.462939439608 105.83981586273623 -601.3766286374603 4281.039366704261 102.92681383878592 -678.2877068539374 4273.483337539053 153.8492652479504 -658.3077066559588 4269.258042460251 148.07346202198448 -396.3683949355027 4311.3040577517895 70.42678356954369 -406.16936018865636 4348.42597523638 124.09807773640377 -181.63437033780437 4365.789859879661 100.33768854117943 -194.16532116509867 4314.452131721764 110.3756812762458 29.390929612892823 4435.898948695901 109.11703631798204 34.53107965029954 4279.184328665786 
167.0980010100142 -699.6302302206387 4273.517317262659 43.687275939652594 -699.3484244511675 4337.695814676855 186.99156210838015 -596.8867438469608 4210.372081727815 101.21824101378725 -601.2997759599849 4273.484409789587 109.5164281262042 -675.074408011168 4270.664064562012 155.92907036750822 -657.8791583897148 4265.617633781113 147.86943326677266 -395.1891040049782 4306.149950078152 70.31964089311151 -405.01507117706467 4343.417016199903 126.183396681332 -180.59347201356266 4362.029701511024 102.42376896734139 -193.85746051242086 4308.283735040471 115.22000997132479 32.11033977158264 4442.058414719651 113.26775513518973 38.58141355768766 4271.973491419885 
168.96920290555332 -698.5051768679908 4264.853572086599 45.88907163347444 -696.5296562060994 4332.463375361338 191.1292712332153 -596.3302533926502 4205.341521023596 102.87591500529928 -594.3036879011368 4248.939687332481 111.5113201003319 -673.2242396592933 4262.2096982968715 155.56305121903026 -656.6418180200109 4255.669393112882 149.85199406274452 -393.8705013444751 4299.827591638861 74.7393197609251 -401.4468150901923 4336.813004281483 126.04751237583521 -179.70782428032865 4359.402413112753 106.68275236437204 -189.62335679712731 4301.26359901463 117.54074970432809 32.31375567260425 4443.615444892648 117.40048192374188 42.62538053811675 4264.7336971642635 
173.2200336003851 -695.8488603719486 4260.447274500712 48.075603864006936 -695.033438492407 4326.6916274598225 195.2948848403668 -593.7159715332405 4200.699214342401 102.5540373004341 -589.8181991188428 4234.755695322586 113.62743712801954 -672.7971247381381 4258.696050563132 157.48234580797902 -651.8935909856439 4247.317910912036 151.94954659037558 -393.5489074611375 4296.104068401331 76.8517028210746 -400.16440544462137 4330.782702999008 125.91111817890821 -178.82293785197763 4356.777311141183 113.4059870799613 -184.02057483345052 4298.529535166799 117.2511323771786 27.758885599505543 4442.802332010463 129.13708150644308 60.48773129439094 4265.974675368966 
175.2768909766328 -695.3898843563376 4256.766009020843 50.209423123200615 -691.5973116717635 4316.652230774437 197.17336090210273 -592.1877879869393 4194.325238468468 102.29442286941367 -584.8236404375413 4222.948840531383 117.872259355776 -669.0685848410944 4252.000370023532 159.29865217864452 -646.8485443856537 4236.483177871605 156.1730351743584 -389.9546865474809 4288.983111811902 83.58995685029095 -397.6172411220546 4328.101709860645 125.76747186372803 -178.68025637111484 4351.6200343872 117.80068973310553 -178.43077042237852 4291.864208317404 116.96172355242783 23.205913036069468 4441.989615750498 133.53731476443363 66.80802366948575 4264.0897321226985 
177.22481501972328 -694.5976619670818 4250.57677476388 52.381740568683306 -690.1015331775021 4310.865440489492 201.15825328788222 -591.3438310491391 4186.73257919602 102.38291567401149 -585.8290996979744 4227.192889425611 122.00761315987766 -667.8998504172208 4242.48897435942 158.85984209204912 -643.269031830368 4224.541726669912 158.16654587850687 -389.454949216561 4282.696250435637 85.59007310358757 -395.98083256420404 4317.080912450617 127.7603214559877 -178.31034982945033 4342.746261989951 121.8646199225911 -174.81182732478533 4277.199944319124 116.69121048540482 17.8053324657863 4438.558883477225 138.20715325199365 71.57524848792572 4264.796946981368 
179.0574799144429 -694.2941114860555 4241.969813643146 54.43606325807839 -690.5471650466349 4297.53634508934 200.5187758362001 -591.9783593755776 4173.843564241277 102.03147013468737 -582.6457614556207 4212.588680890695 121.72708201743383 -666.6589134451548 4232.76609502201 160.90985007817446 -642.8412719691604 4220.876584971999 159.96739405015163 -388.59868039573576 4271.328112581153 87.65936769049948 -395.3184998876395 4308.5969902612405 127.39588786860489 -177.95534802307424 4329.901055668009 123.87318397815274 -171.4942565907267 4268.7662743269775 116.50785784648808 11.595715926236505 4435.165453234458 138.35681756252978 73.76867357525511 4265.144951289228 
180.7444065967868 -696.5360798009782 4230.5298818445835 56.555868244558056 -689.5201271898325 4289.431608297555 202.13568392210328 -590.7074621792351 4162.572146537545 106.09857149251472 -580.5548943864997 4200.639518631662 123.60303218701964 -666.1000729808682 4222.0207936424395 162.47665037612205 -640.9033400412262 4204.879237657712 164.01137962907868 -387.77682544271215 4261.271293400755 92.02491617311433 -393.1823549668492 4299.506481540778 131.70731384596158 -178.31302031334985 4322.4759598265455 130.4058767568934 -168.81611924978324 4262.978118076757 116.3591813821538 3.7128691604630784 4426.56072312799 140.50113189122234 73.9294696316683 4263.861501547649 
184.85768966996108 -701.6920678240251 4224.925768134212 58.599943523873996 -693.1253312054123 4278.13764137084 205.8374160102638 -596.4939694329961 4151.351870202755 109.63764415059808 -577.1513354245218 4169.61366543917 127.61727661532618 -664.6182665651951 4210.057491411981 170.79227617011242 -640.6004168249741 4195.142748392244 168.26387638639716 -388.1287378109185 4256.324114940134 94.0712271473846 -392.5236287161012 4291.00611014286 140.47685212832013 -177.6898582736509 4317.733399626872 132.35546072917288 -167.72758815818975 4256.656663355093 116.14007533785772 -4.1639307632319165 4415.351828878534 140.41828032884374 73.86957568891224 4261.292252251316 
186.41039539807826 -702.7482846024134 4210.920353464476 60.61756773641559 -699.0567289809878 4267.09025084891 209.43922493087638 -601.5796284594518 4138.215960804793 111.63741394214803 -579.6776700914326 4163.994506361493 129.58749225433067 -667.5258419054359 4203.81199338881 174.78941288838186 -644.2282404134814 4187.581273573906 172.26941620650052 -387.3047022148657 4246.217202651035 98.34171328636897 -394.2086973388129 4285.931599297895 149.0514073181693 -176.92414517071958 4307.760270206837 134.622416185798 -165.4243244343931 4255.79891868846 118.35781662655012 -9.578524650853527 4406.089780993417 142.79394292506586 76.28256605954323 4262.9206782645 
190.49399629495338 -707.8735144608372 4205.289815890359 64.91874422560696 -701.0840290987667 4260.0100562857515 213.17664051968893 -604.9108483498078 4127.950939842213 115.4167169420283 -579.1792438616856 4145.124733099182 131.3974473445363 -669.8033431552759 4192.737255884928 178.7393274795738 -649.8858833580306 4179.590956014313 176.35647850380863 -386.65746664036317 4238.621164774656 100.36760671116659 -393.544963222626 4277.413965443718 157.44988237226607 -174.52259067848826 4297.60277698044 136.51321282156593 -167.29282944615133 4249.135389117279 120.5482934671037 -11.937181558288932 4394.575203040124 142.79394292506586 76.28256605954323 4262.9206782645 
192.12993297084026 -709.2384558144154 4193.781596257735 66.96555043043095 -704.948155586556 4251.1031915610965 216.8503021863281 -608.5950676894547 4117.106191564278 117.33715134149239 -582.5802690225735 4138.375700221102 133.1436086980208 -677.7399211030094 4181.013711128274 180.25521431166024 -653.0953931490682 4165.3025296699225 177.90056652398755 -387.7231138514757 4224.298205704273 102.3846311487799 -392.88136185376004 4268.894924689285 163.70824296896546 -169.37408685889355 4281.719706276951 136.46490418962924 -165.01910446172784 4244.462867500232 122.36384256190567 -14.91700956325215 4379.987027742529 142.79394292506586 76.28256605954323 4262.9206782645 
193.84222438177966 -713.7865664593711 4184.4337629125 69.00446062063017 -708.7943790606771 4242.201797019794 222.69066285373952 -612.398751409799 4107.340425033176 118.9703856679234 -586.4865975838339 4122.322167780786 137.19052162175348 -682.5197014180848 4173.1806117020515 181.8601739063848 -657.4057750840406 4153.586219895413 181.73804257223352 -386.713689847417 4211.618193370544 104.39278697303854 -392.217901509951 4260.374591965061 169.5141917580486 -164.00269006226114 4255.483709701127 138.6628759813703 -161.91504623634452 4243.539230674505 126.45425342518979 -18.539739071296804 4364.29973945283 140.4850988203935 76.0002380328179 4259.071027841299 
198.02513448257994 -717.1855484392964 4181.665202986774 70.99908638663585 -711.028185183121 4231.456726170725 224.0329788457909 -613.597961814128 4093.3151349293194 125.04421026457095 -586.8906316267063 4111.717259472275 141.12515918213026 -688.1846830334898 4162.429882463626 188.19941867727152 -662.1719836890511 4151.461473836173 185.58197110252732 -386.5235063093974 4198.987441857548 108.535185510133 -392.0395932788955 4248.308716826747 179.12243642775417 -161.15047552210552 4218.586353387942 142.7935777359386 -161.4876729009605 4235.975883025594 127.70965108044446 -32.825324783942044 4340.5439031548 140.25275120163872 73.7499139634663 4256.159172074703 
200.10347967490247 -719.8987222575713 4180.066261834293 72.98949740921641 -712.4681845941394 4220.642105806623 227.84687723076755 -613.5229471482853 4085.679892901138 131.21550159498403 -588.2451617513066 4105.232595205155 142.96685661805034 -689.9102783628572 4153.699927369578 194.41570565323633 -666.6162484662774 4146.854370487984 187.2560361985217 -385.6625875289246 4187.602200251977 108.29170909893892 -391.33979255262125 4238.482283524465 191.06960311237086 -156.85665327308925 4192.893276384505 144.87484911128993 -160.5271079317299 4234.663680569193 128.14665290910955 -44.303245388219594 4308.610476401925 142.54110924006704 76.09854368502933 4255.211109174134 
203.6870664832758 -719.0846426647297 4164.621750226467 75.09491025871691 -716.1336854862989 4216.388587335403 233.81758722621953 -613.5872693707298 4079.071953588526 133.40156539720826 -592.6713245801946 4107.9397527310175 149.2764447809771 -691.5323170693836 4149.649087587589 200.52205619669797 -668.7147542066876 4140.160081199908 193.2360545577368 -384.68036181695066 4176.0628351138075 114.71453102237555 -393.02736758386084 4234.595360723877 197.24416678568312 -154.16100951939288 4183.994853031745 144.72872283852809 -159.65804751666192 4232.0940661175955 136.12251392011675 -48.03404535360599 4287.571955977992 144.99975352650736 78.57165348711557 4259.400401151405 
203.6515390634158 -722.3031672076453 4163.701455174107 79.28046927666263 -716.9851566412655 4206.798192394348 237.7012117730865 -615.795849296709 4073.4681298999153 137.30418912065068 -599.086396188732 4099.041480471994 151.09314394841942 -693.2406559590753 4140.898991019677 200.01693960363642 -669.447134317393 4129.933119661742 197.40199948975499 -383.5581891067598 4173.305072856532 116.743732513989 -392.53485561825624 4228.506434780486 203.36951535272905 -147.14161659476227 4170.631722486062 142.524410199362 -159.00417142408074 4233.317684921269 137.32872896333834 -47.0282586016143 4258.17537516955 147.32120525798007 77.9836545055474 4260.701518724945 
205.60173150261252 -723.8280699157256 4159.525176406669 81.27327971669892 -720.7546899708196 4197.910036669684 243.5956107028039 -617.0101827413299 4066.317278742704 147.26681352959358 -604.8792165195377 4082.205833467829 157.09626056532719 -693.8638379437433 4129.583463886622 201.5595833244792 -672.0328707003981 4118.00924629352 201.365517476856 -384.32831230857374 4167.634731526687 120.78783287959065 -390.12584587911766 4218.643597862884 211.55031739863102 -144.32677014331756 4160.1871774737465 142.54312700813708 -158.2574808613615 4235.796112831413 159.67858862919928 -30.412110000150054 4234.07321960383 149.0985559992175 71.62963763176296 4260.938417141588 
207.41794532292212 -725.8189834793021 4152.966633309796 83.32272516879094 -722.0207958404822 4191.717425059067 245.01875206031931 -615.6539524981446 4055.0139631184484 151.55112767984755 -603.9626686092772 4083.651395503429 158.79123582550605 -695.22439547971 4118.4310415042255 207.51177588580208 -670.9513105833217 4109.105029736248 205.5488136729342 -384.0215122089609 4164.906148263202 122.79896006004908 -389.6323784358586 4212.537524004813 219.11548169134736 -147.97777559094888 4138.893685666142 142.6373003780256 -152.35755106721533 4236.44372823906 174.13751388732624 -1.8190728322828744 4209.570211906719 146.87174280058176 71.41068269524571 4259.662125219763 
208.8917412666399 -722.7299829279532 4139.8388455551885 85.38681497198104 -719.2175541130637 4186.3653301038585 246.5811651108949 -614.5974031744336 4046.1808727200037 157.69263269943082 -602.0554153459819 4077.849363697778 160.51835781305894 -691.7789572929173 4108.005630904387 209.59821871554973 -668.8053615241279 4108.156277585215 205.18226808740204 -383.48598342898435 4157.35218423874 124.912086309985 -386.4212803139906 4209.20688320651 224.45569571041815 -148.7984994166704 4116.768037127768 142.64969683111866 -146.4008202530953 4234.56570978901 184.59190270521572 37.28146633764881 4174.106347427433 146.87174280058176 71.41068269524571 4259.662125219763 
212.53605194940894 -721.0360438203339 4127.359611785773 91.76554059740691 -719.3318197581826 4180.829181297598 252.4102687197323 -615.7846547012631 4038.953153911483 159.31924751869204 -598.5222485484611 4065.0405896654443 164.3526345444624 -693.701058252608 4097.408976628515 213.17673605324518 -669.2194811865575 4095.2600422427913 206.7742903849841 -382.6193986233142 4145.923695547763 126.8394637858481 -385.75659218349693 4200.6351713241565 229.94261206700756 -152.34280333205342 4104.018460627191 142.3726726464217 -148.4330735732055 4229.155223167286 200.2182801747415 60.65279897268276 4134.295017780064 147.0754673318908 76.60172791556614 4260.330350887358 
218.36008831725272 -717.8905396293343 4115.7923629904235 95.88094213365956 -719.3524043954886 4171.065379497104 253.75425182245885 -615.5613233164593 4027.184793497434 161.1444797146036 -604.6072341257518 4059.1164704182615 166.01457391017672 -694.2341156108108 4086.1921520346946 219.72260880704837 -669.7356061451933 4098.505917605466 210.5513876139913 -381.7764417416973 4135.61789536015 128.75794414357784 -385.09213533606305 4192.0633288670815 235.61015498738 -151.72576313142156 4091.8977067906117 140.11818801327962 -145.53319267638796 4225.711193828937 219.5213827116004 74.11104745499563 4097.481074725834 147.0754673318908 76.60172791556614 4260.330350887358 
219.87518792820853 -717.5138637251416 4104.130750048556 97.79253336412194 -717.9152958044535 4160.554153131419 257.2664947793788 -613.4989447504628 4016.765345102756 167.0165165713436 -602.960887238621 4048.5703051048663 171.91025023766255 -691.2025046257559 4074.977210728256 221.3710836241981 -668.6164849957818 4089.774051151923 214.27113375989444 -380.11083501342586 4125.227171487817 132.75738629382465 -381.23087483705655 4180.125769177108 243.42553748488368 -149.42156774877435 4083.1855749516035 139.97184956469073 -144.6744330131922 4223.153490858034 241.02877136050932 88.12819047959923 4063.966344447869 146.9789467411022 77.41106116385173 4260.306193432333 
225.2207173366323 -714.1289471403857 4085.249337005391 104.1297601584667 -715.2073950130602 4155.230557480212 262.89552548664057 -611.562557630903 4007.275926028183 173.35037516856093 -602.2889029275215 4049.1975618867045 176.15349691962558 -687.6399754241762 4074.9557517485514 222.47859639448208 -665.3893055761692 4071.1774271260224 218.00793794791 -375.57444687096245 4115.114825033822 136.85437379089072 -376.91922882174333 4172.990506192379 248.92938981455168 -144.2645956570275 4071.1372473971214 139.67766218772186 -142.95913822805588 4218.044615503802 258.4136528584539 98.30935491552395 4030.5728881649566 149.3566586801912 79.8255219822992 4261.929108134291 
228.89487731139423 -711.120310713712 4074.9645587053683 110.30939519640229 -713.8535187059377 4144.737040679703 266.06451557207646 -606.1153798402155 3992.1895006905397 176.8001617842604 -600.314561573771 4032.233306234603 179.7335956594837 -684.8998034134559 4060.302907964406 230.462035553413 -664.4457279713349 4063.124744925697 221.7787130078865 -367.6095542013829 4103.261856338027 141.02308740655786 -366.860702639637 4162.122964147915 254.41115627055254 -137.8396982806965 4056.8706749882103 141.87324829977032 -138.43122104213586 4212.464395206534 275.5270189978545 102.34983466501703 4003.581439447215 149.26806645953553 79.76200347306462 4259.349809194121 
236.7594087089623 -706.9705760392699 4064.7767155414585 116.47651898938584 -710.123498451324 4133.932682164696 269.40513102066956 -599.0312832083482 3979.9000657104248 173.77019598595248 -594.9076404273925 4010.25291749959 183.32388625919938 -679.0240867554984 4046.5003317659302 236.46940727565195 -657.7271786451852 4057.583979548356 223.29348406490183 -363.0887803403397 4092.0502938821437 142.7403379281052 -364.45617869498864 4150.945522806234 257.58593701391356 -133.59080254865674 4041.282579294582 143.6858619021119 -137.32174072943965 4203.608093476914 288.9803378865765 107.14433476501863 3987.2615320507844 147.04242599293337 79.53954724415573 4258.076363012867 
242.26932077208767 -701.4692700869969 4050.9434700843876 120.42726881103003 -706.9732646507729 4121.995317884192 272.64562919898464 -596.6807959763605 3966.9689792684776 179.49547799837694 -594.4347236131044 3999.1287033070703 186.9541665233769 -676.6173384208334 4034.200820018426 239.93465664937457 -654.4869829632815 4044.741905458125 228.68117684494857 -360.9504079649573 4075.1433340151098 150.6986292080095 -360.80506505366446 4135.81425549375 264.72220014234324 -131.14750531230965 4024.7260125998023 145.4208834087513 -135.40983725139526 4194.712147225241 298.269209258649 110.23487055374429 3978.683852195294 147.13852111459323 78.73029897636138 4258.100799199422 
245.70002887591392 -698.9310949269584 4038.213506796942 126.376607852896 -702.9403562129673 4107.0520630850215 279.91430117080796 -595.0950969581415 3953.4386050216126 199.99331169339843 -594.8501329183691 3994.595088685643 192.4599147202305 -674.5312890900303 4018.2298684028206 244.77456023163015 -649.8194056911916 4020.6836851620264 236.02964631077427 -358.650249863262 4056.7151124252973 156.48532315294239 -358.7382461359649 4119.603863552036 274.26467133346904 -127.4430527527687 4011.8939305907743 151.504448981817 -134.79389233211566 4183.2665722267 304.53113198323297 119.41648960755518 3979.412058846148 147.23395768101122 77.92090440249439 4258.12570123189 
255.55350392593107 -696.8969777340602 4028.4212616475816 132.33854635267525 -701.2286337560907 4094.000495915028 286.94028867553135 -592.3772403349 3937.308052369078 198.93902426716093 -591.2060903958942 3973.749809304795 197.79601828434411 -672.1185518881417 3999.8557630679916 254.57227493732626 -648.6776526703776 4010.8840285405495 247.89626723431542 -356.68802000248843 4045.1424315961212 164.48142090091804 -356.83871086124225 4106.873873699552 281.78313326076835 -123.89838030663732 4000.5823733924813 155.58660684995306 -130.0596072904249 4171.2995394399095 308.3375051128825 126.25243230704578 3976.4306260282856 147.42285465746957 76.30167687781824 4258.176902734427 
258.43352344794164 -694.1445598392997 4008.3985942280033 140.33030899183416 -699.3689974722538 4079.6456988369387 298.2769354330053 -590.990128997023 3925.304773919232 212.9413754215263 -590.4067429684214 3965.9671855752754 209.5685415333447 -667.7370242783644 3986.925255397586 259.5959793960549 -643.5065206129492 3992.0647490390766 255.03614215551278 -353.02753026711474 4024.427703918355 172.33234223670644 -353.37508693847457 4089.59526980555 291.4870821724168 -117.00582378858245 3988.1843740726426 161.54505176437573 -125.11090997672945 4152.953487395886 312.5428518177905 131.5164763818325 3976.0542165410484 147.70527275710018 73.00046458126471 4255.710756287718 
265.6974073165597 -692.0606210670039 3992.705430238738 148.2746141515117 -695.5199796040381 4065.590153091654 307.20206076951905 -591.1010399329803 3909.5621441512812 216.57200197550173 -580.8324889375716 3955.514171419152 219.10747648638142 -666.7450504489591 3972.7187980597664 270.8963918027692 -640.708891759084 3975.5699260869405 261.92457207666996 -349.222708760013 4001.164001418169 182.26012299855498 -349.92892268699075 4073.261842479593 298.58357771365326 -114.25294388562311 3971.673959626847 169.2053848993531 -122.06282129764239 4127.85194900329 314.3867104384504 135.35308597603677 3974.540222757583 149.6120057600622 68.30049546962714 4243.860236979785 
271.39987523229564 -694.7706317620815 3985.57755526048 156.04827094106028 -693.315028028542 4048.702428865609 313.64771396039737 -598.1691408734629 3889.670389695854 230.08013234484355 -573.9618464866602 3940.316367359119 226.54442185480502 -670.5796631933463 3959.2305922959263 275.83818709739256 -643.307739093073 3958.1706849914044 271.08530130107187 -347.74849151186726 3983.3668072574387 189.79826366132082 -349.1615360115055 4053.0580190239384 305.68350006857855 -113.5619654180717 3957.3343199110304 180.56987535154548 -122.0942507604323 4099.140393319864 316.1286239719015 138.24853270425209 3970.4565903924145 151.49549619343986 61.019570967739384 4224.446169747077 
285.23350112400885 -698.2633030621962 3977.2820582970817 165.8642145948342 -693.2320130196838 4032.3650990880287 330.32683412474694 -598.6482036812149 3872.5984162610853 236.1191907442661 -574.3733198758714 3905.7628415272015 235.90655501995207 -671.4732167419376 3944.4615894837257 287.9637118954748 -648.2052545535162 3956.7641739730307 286.5288892042495 -347.09182098303523 3968.1367247672542 203.50014545042802 -347.43116484539837 4033.224745088493 311.29378355184656 -115.13209444961096 3951.94541730446 191.68063735599034 -114.98835232554518 4063.758967250495 316.43790971932566 137.5158667731374 3973.0607353106448 155.0885255308736 50.4126406205931 4203.059341974201 
294.75247422738806 -699.7489044662808 3966.8446055055647 173.66191887798996 -694.3953783058048 4019.688711896633 334.3177965783851 -604.1361021038675 3849.819760699866 241.39641033310005 -577.6721182884725 3893.47707606291 245.282061241844 -677.3091064563689 3931.3377942599304 290.2887912470236 -651.8847582428783 3933.173658191659 297.9377900788953 -349.56934642621354 3955.6933633994877 215.37550935460013 -347.79020379326755 4019.6503596030902 314.81694088542116 -112.76641033663063 3943.7493210563143 207.0574711012768 -107.80203024208389 4035.085334644375 316.28221882066686 140.2960897483608 3970.7174234359686 162.48447182844137 42.549054165129256 4176.354194795894 
298.3747768957242 -705.3813789863743 3960.8489773022848 181.51845991412944 -695.066025975076 4009.192253584372 345.3020531736699 -609.227495268023 3839.26599777304 252.8989724338643 -576.6416736828847 3884.1360654336727 250.43548918766325 -680.8929736039915 3916.7889182453537 299.40668158492974 -656.8968269571909 3919.4158309963236 309.3376304163073 -350.07278657490326 3943.437767828994 227.01868257073065 -347.9925336609185 4003.4709422112383 320.8036886917725 -109.17872977892651 3939.214045390581 220.69888415835257 -98.404880380929 4010.7799632594624 316.33068408555346 143.1808985889042 3970.9591043450596 173.51283937334117 34.50142241399906 4143.905041618001 
305.09540867711235 -706.6854111913477 3941.610611054681 189.20005338061839 -696.9886172883344 3996.4573929400294 353.9322673939805 -612.1909592992064 3825.2610034834574 264.0951676664124 -581.5673225213875 3871.9194080430884 255.70503648016611 -683.9624925911415 3904.4867066551064 306.031217622386 -657.2639589018295 3900.6206755345866 320.3742405022189 -348.7342521951409 3928.401209405662 236.5747860257566 -348.3550439231226 3988.663584258636 324.56208428927806 -105.22206701438438 3935.946608804521 235.47206481929442 -94.98698937375043 3978.779040017282 316.48475966242313 145.2293053556461 3971.2197094338235 184.73492853287456 32.04254829272985 4109.810740850219 
316.7558072889817 -707.7811417889728 3934.1488619702864 194.6783557693559 -702.5905428932545 3981.955959629774 362.71551160511694 -615.4309893310058 3813.6086575549057 271.6044090399051 -585.4645566334881 3864.96336488902 260.6091491536225 -687.1479955087142 3887.534958580875 314.6313280311318 -658.7940902461467 3882.109211537691 327.7425192923962 -347.89340117400127 3919.130426775816 244.19753687977774 -348.21939899712123 3977.672947680454 326.6591423327718 -97.41461579098161 3934.9728046770883 245.76141206980947 -95.05242379781787 3940.0704259187128 316.4345341677145 147.16803535949646 3968.8950098225114 199.7997008385354 36.48564937689176 4073.1177942715262 
319.68538739284105 -712.5092094441914 3920.172198310606 202.3629239346339 -705.924042251027 3970.9827652784606 369.39452012202037 -618.535471940333 3801.205742918476 278.3472905473077 -592.5494379279868 3848.447298134499 265.6301270142647 -689.8183583651563 3872.8299960234267 322.25334946827087 -664.6455805883148 3877.589455679054 332.897128648398 -349.0013625524378 3908.6993348385045 249.47952378233558 -351.2134905694752 3965.008594117074 330.0286515136917 -98.26062588060333 3928.617201575376 258.61647145742575 -97.58343344625564 3918.601823167641 318.17335790698195 145.2316265775885 3966.8864862358096 212.55791493028158 42.751098634672104 4035.454230231984 
326.6275473590871 -712.5162769268248 3906.0112575635976 207.90404232606494 -707.9408148417806 3959.495803610354 374.0250140382814 -618.8081068510274 3788.3154177513284 276.74443844935917 -595.1214982420852 3827.3032856107134 272.85652057782323 -690.2474754013608 3861.4792332278366 327.15796025798426 -668.7039042664795 3864.3220806405893 338.05468224607955 -350.9398999622811 3898.311820010083 254.70713139029172 -353.68821614181064 3950.342592745827 331.46047143138463 -96.88463224895858 3919.5805351436597 271.57604305623045 -99.34735547737458 3901.8077123240155 318.4840323370593 144.5029450287291 3969.4916877336796 225.7833402315422 57.04120728550853 3990.777906068688 
331.39480027979283 -714.2345088525208 3890.643639469861 213.40052606921572 -711.0530400669505 3947.5090021661363 380.1463536099069 -618.533074685727 3771.204436092019 290.0902447791158 -596.2903967736627 3820.23130164492 277.95178235790536 -693.2028188013823 3849.0657706718107 331.89341628519014 -666.7656220925325 3849.6543957221943 342.9962282676211 -353.5411123990927 3885.475825044097 261.87441447484764 -357.29153710607994 3936.100103263547 332.92829296719725 -92.69440298932997 3910.7809761170784 282.0393613441563 -98.36752802598949 3879.3852606768314 318.7451512839815 139.10488167296225 3969.3138764627492 240.87249572594686 83.8984907116427 3945.577483652484 
336.5534476207557 -716.4486041662038 3880.689387167564 216.6537817870359 -711.7160382054662 3932.6360366345016 384.8905475413245 -620.9250313876521 3760.3683514184763 294.3197260142167 -596.385070751306 3798.560190490836 282.8607536889593 -693.1024881861291 3834.518682315954 338.1680251550992 -666.9910876123165 3830.6352968929386 344.63588988962965 -353.1989659810339 3881.244514305876 263.1930840406225 -357.28351059438336 3924.834037279737 333.781194730777 -92.79425031779432 3920.9290250355352 292.5646028154499 -102.18865137853723 3861.24378440531 318.7428187575899 137.32350622803875 3966.7735877167956 261.4666964241949 108.11739744008646 3907.4302794710165 
347.9490613577631 -714.6992683667113 3873.045679178877 224.19919278536094 -710.3297742691386 3922.0929121904032 389.9637591294133 -618.1155450392181 3752.878595956074 297.7713780526921 -598.397501785517 3792.659729573997 289.5795319292085 -692.7797026238468 3818.327577142996 345.6668297266257 -669.3895316150895 3825.473848292962 347.57145446539704 -351.0911857499427 3868.175797491454 268.4671704093513 -356.29435471808415 3912.7062120628934 337.30868198634863 -92.49427274378661 3914.869982402436 301.79362912927303 -103.10535016286798 3850.216288754419 316.8473309473293 142.0366227589357 3966.44011243735 290.8653788456317 135.12798649408083 3864.7768747484574 
352.3970637515849 -710.5389068864326 3855.599268097178 229.7414899323002 -711.0103332681099 3912.607981278209 393.9492026826138 -615.8700283249235 3735.379225551338 298.4831293011528 -596.4593808291904 3776.9154470613585 298.2756997278506 -690.7201565349907 3803.1225612983435 348.1811739125878 -669.1366182593265 3809.674618090264 350.589425610624 -350.2427714029487 3857.2096226723415 271.45960271268183 -355.13711977131254 3897.325709302135 342.76230294538163 -90.39757478841773 3909.470454961061 308.67880085107583 -104.43645089014943 3838.03978253705 321.2525717330218 149.18958363716237 3971.1542597468097 298.0870718641323 152.10440562385318 3806.0077824323157 
355.3782451203702 -710.0346707360609 3844.4634905494972 234.98290462523326 -709.0936807501834 3898.7695296761235 398.39713636803936 -614.2561264787696 3722.693017660044 304.8395833783684 -592.4093379131529 3758.800392440338 301.39178475994083 -689.2740210943192 3792.7957012833667 357.2711585069752 -666.2344117825071 3801.406462985637 356.3242064157153 -349.8949400021633 3854.4005335300185 276.4533887433025 -353.16039918277187 3882.6527955862434 348.64179271425877 -88.34337321152914 3909.138611061118 313.3880540680075 -101.45216050403766 3825.2474274051574 329.241149072777 151.63644840466404 3971.8640774260098 308.5031828766905 156.1346712507493 3769.052810010958 
361.5516378924947 -706.4840820461111 3825.392117423709 240.17882419725825 -707.171208210913 3884.8964674554663 406.24162828298586 -609.6366679521873 3705.982411705548 313.67766731544657 -590.3351261242987 3747.8378778815345 310.35000322483546 -687.0556889572555 3782.039870637379 366.0604573733888 -663.1411331113509 3790.0859439847627 363.5698535943522 -347.5113999169526 3847.1437256508348 283.354646248116 -348.71607626407115 3868.488913038269 348.11937955148295 -87.45396970955055 3903.997303746208 317.9776388245063 -97.64558320822769 3812.389595930064 330.8795559262369 145.70925712132737 3971.9187825097756 324.5297261872107 158.9941818575378 3731.3327328580876 
368.8194902836354 -704.7407484703074 3818.4027305942413 247.24742562627975 -704.2447639732918 3869.351468105845 414.25799828060957 -605.3155365794522 3691.603118259382 318.69532350809226 -585.0388639099808 3737.4660228723415 316.8653597159366 -681.348100103266 3766.0690543027204 375.0222831705697 -660.3656539452809 3781.0949028794553 369.43513489823295 -345.6291955093057 3846.619910394167 290.33186901445754 -343.9849096082104 3854.7088886239612 347.4476170637998 -87.38559580843962 3896.3684245833006 324.283378273946 -91.43867528918332 3793.4160983886777 328.10097630729393 139.2408727397121 3967.7047084885835 348.43587894989093 174.72005265916536 3713.1583356897313 
373.2876439854234 -702.6069125599233 3803.49446120537 250.47382733912983 -700.0653741418708 3856.641992946748 414.63560456432225 -600.0181260310702 3677.823928580478 323.9057547183501 -576.5440071590818 3729.508952937343 319.28218923924834 -678.0483299909348 3748.550751432866 377.68493981196343 -653.2120168738138 3768.334715333884 374.20585928514697 -341.8407945052941 3833.963632653725 295.3098693552066 -341.34740050818834 3842.259737850592 351.1562398489837 -83.13433509440748 3890.794424087546 324.55031503122314 -82.88291017471124 3772.7235579871367 328.4094408389771 143.3334465200266 3968.2241367506986 362.32953278273635 190.0420126923874 3696.5496567890177 
379.5259418935361 -697.5509753541136 3787.036744317931 257.44676451811284 -695.2520111357352 3841.343615917504 420.1421227121847 -591.3189081305044 3659.156238634364 324.49384421638246 -571.9927654425159 3713.964147332275 325.67170741627893 -672.3506439822687 3732.5046217641843 383.3849862089601 -643.1570225868849 3747.5040256805137 378.73041999599076 -335.14646720959604 3819.0020907894705 302.4733285980197 -335.6954547633535 3831.143821903209 354.5031965793256 -80.8495060312779 3882.388948596692 330.0693075491408 -80.54842521242495 3748.382108266147 324.3647680848202 144.942278960127 3966.8182207398163 371.51853786912017 198.0927859886384 3692.3674546879315 
386.1567884416079 -695.9047337318817 3775.1433821782584 260.28008473433255 -690.3946222111151 3823.9574989877 421.6002780665926 -586.9377982498185 3638.988256814925 321.31193310568796 -561.434920948267 3677.1764170492174 327.59599058040874 -666.7442540827566 3710.146481134819 384.20160995781134 -634.7574832923974 3717.5334417001127 385.44875212858017 -331.3727359903431 3806.9417969004858 305.2145679527172 -334.5663547810762 3815.655062289393 357.4076986286761 -79.68013008772203 3871.1175700335853 338.0274394872496 -77.33884036840165 3731.8291671869556 322.52485576414267 145.93059131777534 3966.2657407648812 374.5994406388344 204.39889244283012 3686.3901372750984 
387.43324424096056 -694.1018526458026 3768.425082704735 264.7622256213378 -686.6270329369327 3802.8863345052596 427.1686219129875 -583.0288062165799 3622.197981098841 329.21677546309684 -557.6709014471052 3658.9348939208016 329.90825750120086 -662.4905007095333 3693.1053659017907 388.65653756919903 -633.1165526323324 3704.950662191047 391.85581796635233 -327.4479681307217 3792.3347818600246 313.4398725825442 -330.20684299099355 3795.1862597541076 360.36535897689464 -75.41850166698153 3857.8878050430394 346.23481386227115 -74.70750301049289 3715.5510292718895 322.26411110696995 141.1535792566178 3960.8959935463604 375.85132482347916 209.64601636319273 3679.8902070504773 
394.7200174926296 -691.6180657133441 3745.1339411710437 271.5087666253947 -685.2851648026083 3787.3235811210216 434.87769014429085 -580.354869333247 3608.317559246912 332.687757904389 -558.0820376426892 3655.4886745229815 336.5007413310517 -660.9261608747059 3681.506356904534 394.0602023088742 -626.7873702261872 3683.4667322065543 397.9770925126292 -324.2287102750192 3775.266333393544 320.78965215569707 -327.6292372744134 3788.4793393989676 356.53806308127093 -72.34246717580952 3835.0891581219557 354.38650767929477 -69.3929889326147 3699.3802302807253 320.00776886516815 135.33704336772198 3954.7439184072696 382.25960697210513 217.9312380777994 3682.1518063335416 
400.65995161025614 -690.933638502194 3728.5264449509555 276.1794886886555 -683.8052257515407 3771.0353419205803 441.87816662958767 -578.8470638298539 3589.348164573836 343.9282374063857 -554.5753197488117 3634.1527919307223 342.3839672177027 -659.1813523392584 3663.045045094817 399.32948026551844 -624.802479328688 3662.004795174066 401.7502334198866 -320.89063183627195 3755.0795130372317 323.4308173814632 -327.3423673821947 3773.0126834769967 360.8287579981254 -69.10903536669738 3817.264672707943 362.6861679868745 -67.88546852248709 3687.5062236459635 321.2545344415058 126.78091128322144 3942.2983688624995 382.03942487623397 220.51180504955488 3679.8660757140765 
408.77719107228245 -690.7268393157198 3714.8680013815965 280.58462397980986 -685.4365726064457 3752.325655494184 453.79185234860483 -580.3880295985628 3580.8897836417395 341.74862929674237 -551.8401500213731 3611.2337444001773 348.6039709235433 -659.873741099216 3648.8536903939207 404.2480811769685 -621.650235847074 3638.0672138092045 408.8368773917687 -319.09068189128214 3730.85500292143 327.5888049598956 -325.90692499037306 3753.321217942876 366.83271434307665 -67.49839962278816 3778.0393449154194 367.1857451369311 -68.2722556272424 3674.6114686698593 323.3517868497302 110.09891572763537 3921.977903007294 386.21106328196436 224.76933220373655 3681.2472052590438 
410.2479123658805 -694.8216457612884 3693.7165861507424 287.26637291527106 -687.8551593848031 3738.8384522390606 457.98633471295983 -584.250754124292 3556.4414832164384 356.6533687218524 -550.1555973177565 3610.233677739688 356.2275783624273 -661.6347516978661 3630.759478591598 411.4698084836225 -622.7534559045288 3618.7306703189984 413.8538563367826 -318.1642407312334 3706.1292505486476 333.4606467407009 -324.30184174647997 3731.8461999199885 384.220136231874 -64.58270855959721 3742.0277636377305 370.7053694712227 -66.14002463166908 3671.02568297446 324.6831743513746 92.40769075530527 3891.617747167094 390.0416385470599 222.4768713140901 3682.083794027416 
415.3044205182062 -700.595215236822 3670.492514536771 289.90002796156 -693.7952415378481 3722.889024400722 464.74942592956154 -594.2520986145463 3538.1494910484244 356.63298196179767 -556.6171460114567 3591.9520059507413 363.46660422542163 -666.5516391343757 3609.730649521191 416.8729625404612 -628.4079940088844 3600.7744857931825 416.49284941935935 -316.2620984935875 3678.391481543673 337.8370586078616 -325.03044275154076 3716.6477910463423 400.97109578508577 -62.26195363880613 3701.108322635316 371.7408605899539 -63.06652084055205 3659.9508167567155 331.71208267121887 77.07646041067841 3861.047505094498 389.81567810897815 225.05678836914984 3679.7888544428547 
425.3669783158492 -702.6461158370745 3658.759121285533 294.27001040444196 -701.0832767653304 3705.51600879251 469.9741546559914 -597.5120272505862 3522.397076904704 358.94841983601015 -564.1361748216315 3560.3476095364313 367.4777911645684 -672.3130449081166 3594.0756337900775 424.35967048382486 -637.0002186846783 3585.42639927144 423.11175825858044 -315.44872479052333 3653.8258804772845 342.38364145265916 -325.8987000123566 3703.8149867671727 409.18603536075983 -57.89805425471491 3672.3423334137146 372.83443247959497 -64.77697132422306 3653.0042422275774 338.92503967579466 75.087618362452 3831.614354027091 389.54157554073555 223.9824312109867 3679.605961188461 
429.2022946192626 -705.650174915722 3643.27202585136 298.44480623853224 -703.5597189630302 3686.4137990420477 476.36123632723275 -600.1557634600273 3502.3114305583454 373.3857482442871 -572.2057143593272 3540.2596347160966 372.8900486557183 -675.6822927153919 3574.6209200368216 424.63654473862147 -644.4631344419306 3556.731170093754 428.06943363579103 -313.82663065867695 3631.5277100240337 346.96419786134743 -324.9115658185336 3691.2298354717454 419.2270765504264 -51.29684018720509 3625.440251355019 376.0159504981581 -55.43014696537174 3645.1435237138626 347.6406639281253 72.32479384116763 3797.86408094281 387.4003200355434 227.25059429020217 3674.521159710649 
433.5527644935872 -710.2235320674033 3632.6512044855353 302.74951553417617 -706.3475930135239 3669.593031108131 481.7993132757272 -601.9262042174836 3489.1425822620113 390.1481144252842 -584.6251174910616 3526.1571456725787 379.86794646101583 -678.7419134073297 3553.325699279944 425.50437682276123 -648.1745513771097 3533.2958545454608 433.14465205090215 -314.1624682394394 3611.397536116348 350.8686445052757 -324.2889729187392 3671.6036421274157 430.2158124220171 -43.86485091588752 3588.498940503433 378.8584020799241 -51.466409651365986 3634.5121591652724 357.3083431939757 66.59176959676341 3759.2748172339584 384.6837771339569 225.63693804404727 3668.910668744794 
441.4481295106047 -714.6310920869839 3620.6173353246863 307.01603586063476 -708.2874734775255 3652.6648285959145 487.8379675388117 -604.3082383901284 3480.6213205643007 389.22313350025075 -576.4705776972904 3500.9695897743677 384.48156266135226 -682.7486654412925 3545.175915142106 432.566959301157 -649.3062678872913 3516.257643213428 436.47827375079476 -317.30098178376255 3593.0734310865923 355.0910754508874 -329.27435412433107 3656.3429776273183 443.4213531622444 -42.85604889404308 3560.6567085981633 384.11874994117613 -51.09775778823701 3631.1095879415107 372.38394154997866 63.321079030862535 3710.0350209820667 386.8672532882685 226.0186156440646 3671.8727337193554 
447.36616374781545 -716.326731120677 3607.6961961027373 313.1479821011401 -712.0799708011094 3635.9551739400604 493.38134123502226 -602.7845673107006 3456.339985943095 391.8045569545285 -579.1279599490664 3507.8520020737137 391.819024220927 -684.6929162768636 3528.6418166193694 438.56905996061664 -651.3211591535583 3506.214489809618 440.08920147410606 -317.9289007658944 3577.3307613069555 359.07525702069336 -327.96544425782184 3639.016762503176 449.68150514747583 -44.1171843580776 3538.2206581713986 378.4210592731106 -52.48665868196062 3631.859045127934 391.3417067047054 83.23456651127871 3668.106473405266 388.6192422303128 222.52255492808308 3669.726291297067 
450.09442849666965 -717.2397677777286 3584.436659682927 317.5026678417436 -715.2388813353379 3620.847358723932 495.8648382595453 -600.9420602616168 3436.4968414071054 405.3820857259777 -578.0967449622744 3499.453795436869 396.1807042795881 -684.2591531885726 3502.546104322145 447.35423469595 -651.61010239307 3489.8420339105696 445.28327058587126 -326.4733621010777 3561.1166224266085 366.9784499967231 -327.75251825233454 3624.6518789165475 461.11108439720437 -45.76019509872912 3512.334278120654 376.7846381962272 -49.93715916798599 3633.961855913834 399.4186804899032 129.5660128552617 3618.527319012381 390.9261691266631 222.07025200232144 3672.6942273484 
453.6798894487039 -718.3681167130921 3568.702075484737 325.4591764007296 -713.8029547644547 3605.5010506621 501.01470029588387 -604.27565606326 3423.0100908780846 402.98080887537145 -577.140157149833 3478.822707513342 403.869517264524 -685.1288919213059 3490.728508737919 451.09491217423937 -650.6378297552516 3476.7260480086175 451.2776377618532 -327.33759566882156 3550.532570860817 369.56477459704763 -328.7303279170284 3613.6100123273222 475.83324594035264 -50.83046375863637 3488.7122650976753 378.2828735258657 -44.465439830066984 3629.9785444536415 416.00894982013034 167.7884389478882 3561.020230643639 388.8794588893149 222.67951157551008 3672.193477667006 
462.6237060386731 -717.6758731532966 3552.167863594283 329.7282412378893 -713.4036206078991 3590.962187782182 509.14084114099273 -602.0358657502537 3406.203165717856 420.71549981246017 -577.1836687778853 3447.262024667768 405.68556584181937 -682.1647888066855 3459.6111802302376 460.27657873907873 -654.4088850434144 3477.8884186874275 455.1144584846857 -326.2885666841628 3537.392945781524 371.9618681598782 -327.74339871800936 3600.4824904388256 484.0485151936671 -51.85212656837501 3469.099038907124 380.18088708263895 -40.64788286503999 3628.466572217985 431.8521804193914 188.58947040605938 3495.0814079149577 386.9524414566705 222.45774611455408 3671.694366494907 
474.6663416343272 -711.2457033482852 3532.5171610641273 339.429561308823 -712.9750605572709 3575.5490228069402 516.0941989395216 -598.8231845948985 3382.432483539513 423.22090073007905 -577.7847104549011 3438.6236848890317 413.23277181203883 -680.4705799990872 3447.8612708476835 465.1292124931884 -650.7765739029713 3447.028615901142 462.0268863844361 -321.4116011797874 3520.293185110544 375.99147898936764 -323.13829411057355 3585.5588810238587 489.0170683271086 -51.41127470524641 3453.540855130548 379.64273397033094 -37.160252742680605 3623.803428870382 457.71724961673004 216.5069736127316 3438.1904832230634 386.84735272155154 224.2012484945098 3669.409417153481 
481.5065359879862 -707.8421194166459 3515.571210881297 342.938156622204 -709.7350387694268 3554.560758997561 518.6249705097151 -595.5559919050633 3364.6875261764517 423.85386541103657 -576.2324418810979 3400.9690335039627 415.99091217299133 -676.3663359292967 3426.4167757756427 469.6174334866897 -647.1094258261556 3427.591680966479 466.5939698420388 -318.1722680789913 3500.2054848923763 381.86517916529596 -318.5209413068213 3571.041363582623 494.81998934221593 -48.329449887283964 3433.3396931797915 380.64990993851706 -35.40257015304585 3616.9999802700136 482.6832353624439 235.24722376164442 3386.9944969846542 386.58870583745295 224.0433962386197 3666.946084807277 
487.6213318359273 -701.9732899452689 3494.188017059743 348.9368932500388 -706.8589466629603 3540.5642905404407 526.7702304005871 -591.0303948335877 3349.663921720934 438.27236712026996 -577.3618098049424 3389.8702276159015 423.1214664411034 -673.473269437672 3412.2365874516145 474.31386192945746 -646.2945051484023 3410.290923569732 473.04205628596037 -314.0107919991737 3480.74590236566 387.46068811372146 -314.59031218775095 3554.235191100572 502.9996975011437 -45.1368012490122 3418.1336801378993 382.8252049827563 -33.361023036640596 3601.375648369182 504.9878290080494 241.41342859474724 3336.7258400148785 388.3592343933453 222.36572426245192 3667.261085380183 
494.26179105084884 -698.5578806003463 3477.1529964521383 356.0736491147506 -702.1930236627223 3520.1469931235565 533.749084537249 -584.7719964349666 3328.097711525158 448.4492826710898 -569.4627444440749 3373.467871478213 435.2768189912311 -670.4400708015813 3396.6100883923295 479.50425486570424 -639.1563919892112 3384.471560540582 479.7395447024926 -307.4441970821658 3463.744740170881 394.59990072947323 -310.49620970934564 3535.4627150192237 507.76653795877735 -36.05962659463296 3391.246387071982 385.45295298543556 -31.492007778229322 3592.633470678697 523.5292405081562 245.7061413486461 3292.564402433954 386.4352317953393 222.1445157310657 3666.766723283044 
502.98422188658157 -696.457911325738 3462.851077104588 361.46399463504855 -698.588314744116 3501.6361442961343 543.0495640373027 -581.6738932694509 3311.117339310387 452.4824165024032 -559.9459058555246 3338.3999790346097 441.6541889461806 -665.172685010899 3378.114783459008 488.7413616987392 -633.6305084277938 3363.2771391013316 486.0115570218797 -300.76001928022646 3444.341849058402 399.62078877854105 -301.9678574380753 3514.3431478816087 512.8042891771563 -30.468922038051918 3366.662196602937 389.3781129296339 -28.52470046611716 3577.407898203661 541.4816797744087 256.02011658372606 3266.8712749018173 386.5539271023664 221.31544997341524 3666.7683354893516 
507.262682042954 -690.8356095322107 3442.827433798404 370.49207163810627 -692.6596015718443 3483.9874241117373 548.338357652043 -575.5895277958949 3291.0703645235176 464.4064341720775 -558.9951324862616 3324.6967154904246 451.45683792894664 -661.6844873945067 3359.8088549402314 499.61403222376606 -628.2002215780938 3342.7078289816895 489.6849522752533 -290.4632867030851 3420.009424308091 406.3188911302607 -291.8164571316334 3493.3955546663265 521.0504736749541 -23.01974097537069 3342.4071817799627 394.0653706405281 -22.89557601453489 3569.4525694806457 558.3142604365395 268.26214781142784 3247.841204017425 386.70712870996414 223.21420305080153 3666.948073616425 
512.6749793990252 -681.1155097149738 3407.504692367832 382.8066264238875 -688.2381026046291 3464.4412599521934 555.4847688816583 -569.3117221570141 3262.8880602116624 478.93762065365496 -556.481730611418 3317.854786921869 460.8013807705584 -658.6659578452164 3339.325837217504 508.89285848691316 -623.9041517391165 3324.1877237061676 496.18729720190635 -283.27576210762254 3391.49569453944 410.728539559848 -286.75866665781484 3469.4953005945395 530.6171102908897 -19.753770574989506 3315.8956452556636 399.0652633267435 -20.709651320131265 3547.5112002622973 570.2400563252543 275.64905462526923 3239.6920664260397 388.33644388567257 220.55008190737578 3664.8015503961965 
519.5617797303016 -680.9243393546509 3394.793747789223 392.34414714058903 -683.4639006690666 3437.918945821205 563.9559992553053 -565.8765703624531 3243.473224465064 498.7166984806987 -550.5216897855278 3278.2543921492384 470.9588471794115 -654.2155063060305 3325.5015518768355 520.0878427017582 -618.3724493366996 3296.9831363182275 502.4535040826614 -281.2110296459924 3362.7423795160416 418.34010591714485 -286.61050142964865 3443.654790774639 538.1339364089188 -16.678713893017942 3287.065577474514 404.08846044942334 -16.75457488370182 3525.7635288496936 575.9606716202209 281.63570067348206 3233.3750092999794 388.1677158368843 217.75114199407975 3659.8915419002496 
528.1775655392094 -678.2246979335147 3371.4540769173987 401.941046585526 -679.0213138580857 3413.513586628823 575.2780928300516 -563.9029762872018 3222.2422324406866 500.9428139333378 -544.0231532452779 3259.606530068423 482.1878107130515 -649.9090039749067 3296.412305574754 534.9685765998022 -618.4315718051786 3284.280987673715 513.7646118748371 -278.1691846716691 3334.5273230586363 429.0559045940809 -282.0327093707445 3416.045555919039 548.4503563106013 -13.472672680778762 3256.1791688759017 411.88094169498765 -12.77348969879482 3499.7442599795536 579.9857656380542 287.41749545290384 3226.927454162948 389.58017356095604 210.486978404292 3650.4101687718485 
535.5713616695984 -677.0492931321762 3352.5345419318933 412.5799602557925 -675.590395864455 3385.1592929718186 589.6909061325578 -560.5701327524883 3209.6258781615065 518.5847540334295 -539.7471197946854 3232.599979341917 490.09384613920656 -642.4777255246513 3258.0572813521667 540.8547257472939 -615.5735254253138 3258.4960182069754 530.1850723027184 -275.02201099888543 3307.067890786337 445.2866600352437 -275.52754253316976 3389.9758394762416 562.034430339604 -10.898658733231152 3227.5703509832874 416.79601471932534 -5.515407608103046 3464.395754667973 584.8291482974065 291.09294437100687 3225.064067956278 388.42632437807566 203.56454430965374 3635.600272455793 
540.7923512239694 -677.2066422414626 3310.8454023373656 426.4300999828898 -673.4805621002565 3369.958050460313 597.6262599404592 -555.5512074561948 3172.3461814676893 527.5964640663003 -536.0190368119264 3216.028414433364 501.41120625590435 -638.8226566699918 3233.1936370237345 545.607352583521 -614.914837108657 3236.8197078435496 542.7323983004667 -271.1525100982479 3279.0013446881803 461.22284612377257 -273.4564899903126 3365.249691829882 575.3474273403511 -6.7439096236333995 3208.070201493977 427.01219121509547 1.9569683989937112 3416.3700359900554 584.710320453732 294.46734758940204 3225.1864998465076 387.5810184328018 192.43200865257867 3608.8467291852176 
552.4198915496377 -680.451699702846 3298.559345757152 439.18485695682966 -675.2119128203036 3347.7666053285975 610.5960718117758 -556.0484500304467 3146.083645941164 553.18453116421 -539.1843947054584 3190.590151058724 514.8585896104466 -644.9094155589405 3223.674205233401 552.7109488877775 -618.9049684882162 3209.439138254923 553.8451067031623 -270.6864297587693 3264.1743794863196 472.01061066652284 -270.8127199387672 3342.23653742556 583.6847842620681 -6.191213957793773 3199.3696596191426 442.07018526352516 9.631729409898677 3369.078330384311 585.0002522458389 300.33275456071874 3225.4743392660052 394.69012759281185 178.0905063915044 3576.609691531962 
556.5415945870616 -682.1014049586322 3262.686937694399 447.62789850860395 -678.9199251445216 3333.678838660447 621.7121204728309 -558.3449034551691 3128.1729029315143 554.0951564988222 -542.156209513307 3176.9145010915545 527.4562650833276 -650.159625404905 3209.2022489012843 557.2703719764427 -624.8139149959551 3169.1244924860953 562.3730524627109 -270.8605755372415 3244.6329356331144 482.7263520873168 -270.8152153995989 3320.9228372237403 590.3029814440764 -5.753489925457293 3190.5481606264143 459.38650927837494 15.703499400808406 3330.7999857134478 587.1016839443256 303.26754025938294 3228.0431388172683 401.3823822902278 170.87271310205216 3537.946180320723 
562.4328554002061 -684.6472018565717 3238.00258508102 457.3984175115907 -683.9232326254987 3317.309339017749 629.7737813307934 -556.5168750212616 3095.7316024151887 560.6733479632675 -548.5470423805386 3149.98927899515 534.1620474486982 -651.9548619708603 3189.5480656376963 569.8058535366215 -627.3926628577528 3148.0132136870507 571.9132528648934 -271.6190618580855 3222.609190925831 493.7500352288898 -270.9462221632916 3302.124351229545 600.7487890391134 1.510617262693735 3184.4599307114704 477.0537507946934 20.015869030005128 3285.6612913014615 588.2049534262674 304.08073231262415 3225.8022257896832 413.41024473292975 161.05468342847826 3488.6056311865755 
604.9705952501971 -686.296259564056 3223.1203869692363 477.4545603864085 -690.9074350386938 3301.778581692405 653.4602551686937 -551.2530537624352 3071.115652130049 571.7927554626428 -559.2430244441001 3131.5905211251393 551.4949781715221 -659.4467035591236 3165.244856848985 596.6980285325817 -627.7963750642704 3117.966187052953 598.0725516305083 -270.27885638834584 3201.5977960446385 519.1058664898394 -270.97556400761334 3289.0108661696922 605.1557729576338 3.6209909873857766 3175.221445812556 514.6438298749003 22.34833288738953 3234.7243878952513 590.0080482820666 305.9389206613511 3225.9941106539577 448.26124994522604 165.73466888200653 3441.3178151869047 
609.05249750284 -694.3868628330395 3217.9337774092796 481.0804283721804 -693.998348775669 3280.1576983050904 659.0393733312725 -554.7880796221189 3052.722222250707 573.5096374757206 -550.4658392530914 3096.8553006660572 559.4704290489249 -664.3400744545556 3145.630795187161 599.2618744278618 -632.5621605393761 3097.9381264864915 611.6052353262337 -274.2452425042996 3194.9832234933992 530.3243655215408 -278.991191364236 3264.5675133204045 608.186861449207 13.759331611788081 3182.603953660501 531.7893156474844 20.837974328264313 3197.486067611114 587.9157363977919 305.5254228111605 3223.5318106485497 464.39358821098534 177.9163214229943 3388.948795128683 
614.7658815461389 -694.8044296615411 3195.755513170787 489.03871801446496 -699.0166809598508 3265.0568166010116 663.1056955273531 -555.8094729505799 3027.94471593142 581.3612789172963 -555.2246227966962 3087.0921147570184 565.6693422855093 -669.1091425167085 3125.9383560283186 605.3569529886067 -637.4390266661468 3079.7051629559764 619.7465016350354 -277.46524767337957 3186.023076040129 536.4059770944644 -285.30336264220045 3250.976928196455 604.5938836163767 21.61860889556727 3171.4077477991377 542.8535733612281 16.432292453080212 3164.4087875439373 589.3369587153243 305.35388246752666 3230.601578141504 483.2285822307932 205.86250180713682 3332.676090096929 
622.1072785180254 -697.6290892942882 3182.705649530014 493.83877130428596 -701.7897286689514 3241.99456853919 672.5259871033046 -563.1733571619801 3028.118742840075 590.45820178004 -558.6614696503311 3068.7863173149804 572.0969727772123 -677.9884545797302 3116.900038114661 618.7837426351391 -633.4605877136397 3067.4553084695863 627.7607298448818 -285.4961236157359 3184.2847941246773 540.9680277058759 -293.37340236836525 3237.7675768581403 608.0499168831454 21.68624694225278 3162.5543317845986 556.4722402018992 13.866563419243269 3138.1853332152696 591.0025339273299 305.5401032203231 3230.7069689033074 496.6498936666436 230.56515662503287 3253.230182896192 
630.5689233705407 -700.0820851105609 3167.4693430251255 499.90827200233923 -705.764640442904 3226.5641055935826 679.0675537372443 -566.1736324276576 3008.700096592863 596.2695471160156 -561.8398938427073 3065.4539136394187 579.376243221202 -676.0461826086579 3095.4577860880745 626.6389150262091 -640.446468182007 3066.8483746232046 632.942207424276 -288.46264389000953 3168.6432623527294 544.348543396753 -295.20274169250246 3217.9138005522927 615.016780700921 17.250361609911373 3164.9159968403587 567.8742302662507 8.815116536675722 3111.554394685532 586.3744949492739 301.9643415823258 3223.308610887782 522.25860032804 257.0683644674424 3208.5557787010507 
637.1395521009593 -706.0225080371421 3167.79669708829 506.5607719715725 -706.3390799458322 3205.396399494512 686.8873781768534 -565.736072216611 2995.1941281776385 607.5245452585451 -560.4621836601272 3050.06655745049 584.4740124425279 -673.4446479845986 3071.3380481014697 628.9667552895727 -652.7825735353624 3070.391997400764 640.1681430191016 -288.66382580780106 3164.10973319017 548.5043109294038 -295.1085367255356 3184.430772762319 617.9375941847537 16.575922520272282 3162.754680059404 574.8939045708854 7.625946966084532 3089.287350565218 587.0277904806129 304.8083225752589 3216.520299720543 553.2808956836058 284.48884063961236 3141.097112106372 
650.6393971596666 -707.7317313728154 3161.7202999499987 510.4711700364552 -704.4151212673572 3188.7818577448393 692.0339376274329 -565.5979998199331 2983.912328873175 614.9180140407364 -554.5447358213565 3024.2428231212725 587.9176436112216 -672.2328427427494 3055.759063702488 647.499264509463 -648.8791106023042 3061.0968468409374 647.7221309967047 -287.6666940311295 3152.9719685916157 556.922885358594 -294.26271843527365 3175.968982306835 624.6777950828383 17.869349726980165 3156.0513869466718 579.940875458644 7.908576567499343 3073.77743570223 593.8202199198365 304.95864564561174 3219.1902862132924 559.7046160315067 304.93341431648446 3070.5039700616167 
652.2555249637641 -708.1204784289795 3145.740795525735 515.9728255589772 -703.2410349748783 3171.890316813787 698.6506467332083 -565.448593341929 2972.5750993684187 609.9201816269812 -550.0171746927101 2992.215504044913 594.412328030422 -666.8746524419455 3032.61066884258 646.0047045901199 -644.4052424733458 3039.1543021703774 653.0861729338441 -286.56669749962 3139.45113439956 563.6792978836235 -289.5579206627399 3158.5393658984603 630.8387625785317 19.299347406147035 3156.0388690240525 584.8833910490043 10.011405147423664 3060.2267383180815 594.9357455272133 303.5165934296611 3219.1468721205583 576.9901726134781 313.7256627948305 3006.4888519081605 
658.7875971919128 -705.6030685909375 3130.4378765236556 520.4642456487073 -701.2145425943597 3159.4108041629834 702.140644085805 -566.8599170299694 2948.7113088844712 623.4093277320632 -548.3271050501752 2989.957209976108 599.2674166026783 -667.6062001819449 3017.8246257574942 646.9792182006839 -631.0659574604476 2999.0363272342643 652.2491268630066 -284.0443316044778 3127.8672925164847 566.5374852641262 -285.5466769328563 3138.511453758033 628.7598587574824 21.608211041656684 3153.7583178662835 590.63269216706 21.426676191648237 3040.679478651866 594.359805300876 301.62377725696393 3216.6979966414942 601.6772861976846 342.5850261984835 2949.366275117878 
665.217877735602 -703.078402565468 3115.1059977775353 526.168459030852 -701.0617046838961 3144.252667609532 703.4472288242339 -570.2419937209942 2922.825156766223 621.2490734141974 -537.066841073404 2971.099274923614 603.1909175967878 -666.7217251841757 2998.681937396005 644.0670215406583 -633.0139848268627 2985.121035979003 653.5507868024554 -282.5004381012999 3118.7207449502325 568.5411007364316 -282.7223111935296 3122.9906619534295 624.2919948864765 21.392105422554327 3148.850684611865 595.4859186988286 25.7799128716144 3011.7853716290465 593.2775650213277 303.33067335976295 3219.0493616823287 613.2296951049659 344.54041211280384 2905.0001603693972 
670.4440515648572 -699.3994413657596 3102.158801698835 529.4457689882757 -697.8843481132558 3125.373168030001 708.8667110767045 -570.4686529280567 2920.0706135312225 627.5274225585163 -534.459356471155 2964.235260946067 605.4868251131289 -664.9388239340047 2979.4616638285634 655.9260669425958 -628.722398512952 2982.486418409653 658.721419890996 -280.5301031811835 3105.1112916523703 574.1796833851743 -280.78850820451595 3109.8397179185026 624.8232722274004 23.131577131198668 3144.2238147582866 596.6070192089801 25.84096198618799 2987.4756122272333 591.7598177225964 304.8129788128271 3219.04002887055 626.1543977135823 351.1349166470221 2880.267332726944 
675.5719322284408 -697.2252841863576 3088.971679353138 533.3839662345179 -696.1202389639725 3110.381255548149 712.4386317922382 -570.2852195630973 2891.9009937115998 636.3920733189665 -540.7359043254983 2941.197154033804 609.4829846996943 -660.6457823534565 2954.150426534304 662.2101508289668 -629.5590490872672 2969.0160795428656 663.5662257145485 -277.2896592490653 3098.115131217669 577.6752298816382 -274.9281259456005 3085.686485454897 622.8566016115286 25.239371696447314 3132.97654396748 600.2217327131577 26.803728746698077 2967.6605899388423 591.4671166619015 306.2534709475629 3216.769646316061 635.1652266329831 356.97369705828396 2860.0967260877323 
678.4163758302074 -695.7588468602254 3080.162759858886 537.7562803627895 -693.2618764450791 3089.1077920181615 721.2935193044632 -569.4018551896247 2891.236734303805 659.4070095319571 -555.4554356863459 2901.424900931552 612.2919000476423 -654.4298233458735 2931.0897133614494 667.5210943634095 -630.2523229684635 2952.2038297915615 665.7420608743062 -272.94272147294686 3086.468807221386 580.9859309817282 -270.64176208122876 3061.4456395485495 623.4298071451555 29.997652129552684 3126.4752591762826 604.8081306247757 30.15598405792294 2945.727414021056 589.0884942038888 307.27796508835667 3212.0532591259316 641.1511047875861 367.67180032827355 2846.8194584301787 
683.7229161714735 -696.2918868104894 3082.4736696334985 542.4234072512227 -689.0700177889823 3069.6675411710166 725.9686000411899 -567.75851565259 2880.0911834030485 669.2437814813132 -557.777394153477 2872.6470158594752 615.8588041168787 -648.6791145788048 2911.7264966979824 671.2087660816867 -630.940795216098 2935.4748540899973 670.088009417571 -268.0177212800081 3077.3469116956653 584.2497314453157 -264.8499629652091 3037.4262923656315 621.5851616890284 36.099505257470206 3115.489844466299 612.6239883872655 41.99680220443867 2924.0587184364636 589.0681035782632 309.5254741052967 3209.85890761355 644.794075348306 378.7337774616051 2838.1177429825757 
685.2542430142034 -690.7434188768108 3046.7239301372583 546.1459718534596 -686.6230103507559 3055.071537119633 722.8635950050555 -564.1199190613453 2833.4176609108654 665.9087790072364 -551.7983356793718 2852.0811441004507 620.0347014784651 -648.7025948419814 2902.9973079505517 681.280622581384 -629.4232092487202 2920.1755226199925 670.9890972593365 -263.0264131376301 3052.4882774192624 589.1733836774802 -261.29254646969855 3022.2486596435347 621.4844001352957 37.574167929255616 3106.4995209192803 618.6585403524682 51.351852621689055 2908.895350778587 589.0681035782632 309.5254741052967 3209.85890761355 642.6565902638373 385.35476546767785 2829.833567181495 
680.7387058178207 -688.6455422760982 3026.7379081699805 550.6259233401497 -683.2526040544736 3035.804999036733 730.927754300694 -562.0053486788878 2830.3159234455493 675.9861743359488 -546.6127896037924 2832.3511378270528 626.820159174834 -645.5905021312544 2885.497974308398 681.2569140952477 -626.0458060177822 2894.6698934500773 674.2918454327018 -259.8070790478429 3032.053142755777 591.6410227419489 -255.20996235052075 3002.8640158441954 623.1843762271639 42.31880064382074 3097.7658511923864 620.5595155405738 59.61390296872039 2889.553047254266 588.896003062042 307.5921571234701 3207.477983475928 648.0226838256812 390.92957414542667 2827.2968552083294 
675.2216256315262 -685.4578212231793 3009.310103887157 556.16239963325 -681.2180911118237 3014.7663829000503 747.1266303507205 -561.752102344969 2841.2360039510713 684.0476057045848 -541.561164537422 2817.237110777323 633.929743379466 -642.8168594084294 2870.0312947958714 680.1351203085306 -622.5022538207426 2864.820853963774 669.882373375956 -253.86322715478937 3012.108953688309 593.6129944489776 -249.05301349784654 2981.3846905333858 625.0856223155272 46.95485277547934 3082.2367029754832 622.7697145824238 64.46821244227561 2870.335972209632 590.8036739652892 306.0706763380076 3207.539150062365 647.7105826439121 392.8550384669715 2818.6719210392234 
681.9848018692442 -688.0591191753949 2997.719558252122 562.6975965982164 -681.1194138858286 2991.5956090547065 753.3127991447149 -553.789687880083 2830.624020097758 688.7182474918014 -542.9229371602286 2788.822704778856 639.6748261881253 -631.1359340088565 2835.468900749041 682.3380887288145 -623.6978075263107 2837.8190456736465 674.1041636280486 -251.81006897523625 2996.3172736289666 595.0024109377752 -246.6373772911138 2957.658468897401 625.2574765516689 46.64594549497449 3059.652605280024 626.3295049032365 66.7092960157924 2852.8917985055573 595.4380082199993 303.01831346549847 3205.338023317278 646.7299192490611 392.27539045270436 2814.415312254248 
679.4977550863155 -688.7124489121397 2980.1450470631385 565.235615583732 -684.5105335671398 2972.2666460097557 757.0333186715708 -555.7108549000684 2828.118233306226 698.9159074332124 -553.7010985857183 2771.799354813272 650.2948503650141 -629.1147284631182 2811.370040946724 692.0326533476552 -628.3089553764054 2817.3546519208803 670.7538123736406 -251.3392136631246 2974.2912681700054 594.2620912027621 -246.26252226539796 2938.561567806968 624.7560372478705 49.277009515647315 3019.3437126640797 629.9830522927388 64.64906791233165 2837.3619876449634 595.0974149690957 287.8261354842037 3193.166582413541 648.4933278768297 391.2601760120764 2816.3892992924384 
691.779409769729 -689.8660423503896 2966.964158006638 568.3854664909908 -690.4830953081549 2949.480215377838 768.4915584540922 -561.5874111239864 2810.930018914511 677.7568298350097 -546.5050793203429 2756.1144289757463 654.9432181054448 -635.0051042636572 2799.910105968971 688.2758793526642 -631.921630302001 2796.3536772023385 673.9651778544168 -250.76815595524766 2954.353869517982 594.3341003997393 -248.43042871528425 2923.706198845807 631.4865930012344 48.596796500355104 2985.641401577464 633.3617937372438 62.43865882242448 2826.2859653146666 596.1858921507717 268.36164157332774 3173.9449855538282 651.0428400039152 394.1983858249966 2814.0281735782214 
700.3756240899171 -691.7085454279694 2958.1629285835766 570.762088310685 -693.995565767562 2930.8070781431047 776.217783030206 -566.7722422501412 2796.807379451392 667.7850419526236 -544.9067465408208 2733.2521198441336 650.984841156016 -642.9775074699451 2782.4788107880545 689.3261247314045 -633.5406216084588 2777.9715948252297 691.8143104802358 -252.97454459869778 2945.0363457993512 604.9543987368962 -250.38132341898205 2908.5455087075707 645.9995873765318 50.802208266132006 2947.296560120374 637.0631828704622 61.24494304372348 2823.707803925242 600.8697342098767 251.7413568906843 3150.362528641439 651.925743483318 396.35559163577483 2811.8325036597257 
705.8278656522284 -692.6767548466477 2943.4576859197778 573.4693053850609 -697.2757877605941 2914.579899219461 780.4100879375968 -573.5308324924945 2796.3430669648137 682.304864074274 -555.0787415756042 2712.1457786209476 656.4445378858272 -643.3401341671679 2762.553805475067 708.7912909210514 -628.308914426533 2753.2096423150533 702.9236343687102 -252.53136831667075 2927.1420492994657 612.0198015774373 -252.34227406767914 2891.454608974916 662.4578481685617 52.363869556464856 2913.186269013156 643.8656007441189 59.9388102429123 2814.522592653354 608.9146960039523 238.8711009329156 3127.083215359296 653.0726906232189 399.1303248979333 2809.603099303843 
708.7268708486595 -691.6776395249445 2931.0609614082473 576.1688469008851 -696.5899025345702 2898.1184009431922 788.2132318572335 -575.863501394963 2793.1117198669385 685.7221404892475 -556.3530626552509 2687.246977884138 660.7203251021278 -632.7247344247877 2760.5995898400047 722.6753079134958 -634.0875489423522 2753.2086345356333 708.1544529415805 -250.72752561026766 2898.39146722612 616.4351607978349 -251.43258573665108 2876.6220357424218 694.9442616306453 54.26859269018606 2879.964204814975 650.5482516169033 59.564508824522015 2811.7310404197574 613.3229888760665 232.31904293715013 3092.6858169247375 653.5690172023687 399.42576900659856 2811.732701810901 
701.998635878875 -689.4671694170003 2910.143209356005 585.5189697316295 -698.1568341856282 2885.149758096256 794.822425127103 -576.3764975376733 2770.955265159104 706.217827541805 -555.9422510767225 2670.0290041919793 667.4767504042217 -635.8761574450491 2735.733348633319 730.306364247643 -625.5793977946776 2734.2124286514636 714.3667674034363 -246.331967077102 2874.308554791048 625.5077707675438 -248.64225126730037 2869.9265878679616 704.6137310935752 56.02684532320731 2852.672067487778 652.7306942136134 62.98378606537368 2801.0452153491365 619.0971370404759 233.26308703826786 3058.70974182336 652.4344659065325 399.6715683079614 2807.526686351149 
701.0394034551177 -687.8775600500711 2875.9299178485708 591.1841466530644 -700.383834345502 2876.4355329214136 777.3915328210672 -572.1066027158813 2715.952304109906 708.8495540117075 -556.8733120450657 2659.1000475461856 667.2679845012018 -648.8275512136394 2708.258151716437 772.6236613357843 -623.0434781300285 2718.487260998782 718.9552455529324 -247.64613880226963 2856.6624381003967 633.4460394865866 -249.7575912537443 2865.242956891735 712.9491992301664 60.1778685611704 2838.7930092548945 653.165169330661 62.93858598566687 2796.713469542216 625.5704592883013 234.96402782657694 3022.5919000114204 650.6323830398375 399.73348417078637 2807.7532073316625 
708.2810064150374 -686.7740676665138 2870.006281519939 591.1176626798573 -701.1384705401665 2862.88680371083 798.3055674721462 -580.2653693116146 2715.35926542396 708.5919899188186 -557.2668905464075 2642.9340010166898 669.6189640822336 -654.4539241094196 2690.1641290044886 770.4264285632634 -625.7966632008854 2706.6008405928796 723.4511367553255 -246.67309825154322 2839.074889178423 634.1448574656401 -250.7296031172981 2854.7647248809512 716.0121497593434 62.7856139808289 2809.942762768209 650.499214503726 60.94862088664692 2790.652424209236 634.9680206069335 236.8247529187708 2981.9752165574782 649.1163106435135 398.1223046092659 2807.874459481305 
712.8551318399155 -681.0476351785888 2853.047725725211 594.8096938514767 -702.9222942053547 2852.275872371303 797.0072109543139 -577.4731919769107 2687.2134566328327 705.9848565131645 -557.3864567818474 2633.4561058867644 672.8549919987603 -657.3888121057415 2675.439717265229 753.6911398380435 -631.685551870249 2702.0743900790844 722.4687235597581 -245.63390031505804 2817.6553575011126 633.3427230270123 -256.28544754168325 2844.37984672579 716.0596028380946 63.28102865875451 2775.0542659832777 645.9673985365498 58.79154092005755 2782.700626746032 642.3832812135869 245.1946288320239 2939.4921598832984 651.0019974548219 398.57169268724874 2809.8626248111063 
715.07929944257 -679.9926245197697 2844.9347460031163 599.4613757327129 -705.17323919104 2839.7381041466483 792.2164658445453 -579.1857452048787 2689.8180250633236 701.3257263247502 -556.5837865156445 2626.5305665114633 667.107685415823 -653.1635041817292 2658.0764637750553 743.6986640643785 -632.6645907891452 2686.1727606614 720.1570053619503 -243.1772816091783 2791.7269001572804 637.3072462501541 -256.4253222614549 2835.6738260155366 721.8976047095648 56.45336397434329 2748.068860198373 644.7542522399517 57.032056724561684 2782.912148199307 653.9483703589042 267.03572735007185 2882.0719071418785 651.6587092426812 395.73458513232674 2811.8664343240785 
717.0769510287691 -680.077495413523 2830.4696814344175 606.3662792590619 -709.2282183789272 2830.3322318132073 783.3641761177445 -573.0852202142833 2650.4991350424852 703.8767411434407 -555.4227765463089 2605.9109052063895 678.7512144312866 -656.7957753648639 2661.312877655181 767.4438462513278 -629.4282684913659 2676.7007634728675 725.1767425782132 -244.24934094678127 2788.90432062058 638.2586614283794 -255.9737443473505 2820.5907097301983 723.2814670221992 56.73017891663959 2758.800828790045 640.6006451350308 55.67721423338925 2770.701645074653 673.6677129417874 305.1259618700653 2842.065127130675 650.8127437889987 394.3146915929817 2807.560550370453 
718.1455760382598 -679.188173423686 2817.4832847980515 608.4539781591819 -713.6299564847936 2819.4582586791516 784.2266580173433 -570.7424840512058 2644.213980881133 710.9189649019207 -559.2753049283762 2592.1803857090626 687.9067441754272 -659.0896156869782 2669.7589920597516 769.2279781118308 -629.4346052943522 2663.9144446125924 720.756760390607 -244.68205265619807 2771.9785252410175 635.261021521933 -259.878851649446 2814.1910199472713 725.8266180208547 53.936787595166756 2747.4275355730165 640.1584761682592 55.71904388504755 2774.988985673678 681.1301400245891 340.89705737601264 2807.2704866108943 653.9636981696148 387.23250362288314 2809.120351601454 
720.7244491930137 -677.7723521168652 2793.662286640919 610.0386077891932 -710.2800225420725 2813.295398258097 781.2733142967516 -575.5796301703381 2603.0416060805783 708.0852353038518 -557.9312046382446 2586.933100398599 684.6399418120877 -663.8098565761526 2652.393093326281 767.4201431243318 -630.911544008165 2657.5750245645813 719.91821205262 -246.20694353190623 2752.488889455195 636.2072069418089 -261.9463320537294 2811.96847554842 727.3752663830261 49.584960230043926 2727.4251070474693 640.1584761682592 55.71904388504755 2774.988985673678 695.2507422084146 359.98803899843494 2777.8204538966843 653.4676370614183 386.9441097817111 2806.9932149934507 
732.1184216029968 -688.0845094157369 2797.999553634997 609.7146376085835 -708.2275213234094 2805.626237828662 796.1743763424769 -584.6944224357353 2625.146162134431 704.489505290937 -555.2221847621328 2583.5436081992357 687.2523710393181 -664.6572180829512 2651.3680991094534 776.5897133369679 -627.6188865152594 2637.475776481367 725.4469192013675 -245.9984894046973 2751.8251939697834 640.5017223114902 -261.354127337422 2805.235726063617 732.6582895091132 49.15922155975339 2731.1245660833765 638.5640268355992 55.31279649141756 2773.2175710915008 708.1632554415179 368.2362103791789 2763.3632239345893 653.0949440872686 388.1099547610936 2804.8886680342985 
737.2687621722931 -686.748049435269 2785.0186223370424 614.531997907886 -707.5283293921124 2801.161278589069 804.7243047307724 -583.7444781038683 2608.6360145404637 710.3450400599977 -554.7895450775626 2580.4982738925037 690.4857864743443 -666.0830176995323 2643.0019898858313 774.6885727941153 -626.3562873212807 2635.4985105604774 729.5289514792254 -246.5046694486696 2740.4702084394003 645.6507185738114 -261.9815480567472 2796.1743649994332 738.1795955192531 50.935368103653644 2730.4881698240893 639.0082122045217 55.26957010157094 2768.934264109204 715.9560131903772 377.49237444353594 2756.1030761939555 653.8763272744204 389.7496999965675 2800.499341820162 
750.2549943334435 -687.8130214774585 2800.8175407360604 615.1485820955235 -706.463904625814 2791.2133333188604 842.2809363193238 -585.5831060599292 2696.8624831940574 712.5286755303894 -557.1433394287586 2573.9459693171507 716.7793490932909 -650.6923484867781 2717.524861217425 789.7620609692269 -628.6844708051236 2631.680864145788 737.2125947028688 -246.0691957009306 2737.3650374636895 648.9859533048788 -259.7356152004887 2785.45132803227 740.8077904360952 55.17946021297913 2723.832495740219 638.8033763505549 57.199688371274725 2767.044461800949 719.4251665683829 378.48173684497766 2751.2912514926957 653.8763272744204 389.7496999965675 2800.499341820162 
751.6626370334506 -685.8924824403568 2790.0345156600247 618.4228779910757 -706.8970031746853 2792.9128317256623 843.0019876445504 -578.973717254794 2681.283853493232 718.3056730307768 -557.1049878912855 2570.598969785076 718.1487886814431 -648.4868459857771 2717.394298198271 793.0641129461031 -629.2221906901135 2629.272678713174 734.7736461445758 -246.8949396517635 2722.865564299985 650.3967544334246 -262.32255051647354 2779.0851640487213 741.1134326596853 54.27045762783221 2719.4741284915754 640.8021100166692 57.83452807755751 2762.698438773122 721.1740530598529 378.33949224373595 2751.061253537177 653.8763272744204 389.7496999965675 2800.499341820162 
760.4368719475766 -687.2027145859685 2795.6348042611953 618.5229736963248 -704.8865156757699 2786.695639109852 846.2136054929042 -577.8994960549605 2682.474766236073 713.6281885989084 -555.8783308839949 2563.421984965498 727.6520782416276 -649.4817179403188 2726.540584991403 793.1443367361029 -629.3935632968045 2625.2637909827604 742.0253757315676 -249.48640855942898 2723.8246418445997 652.5903240340668 -262.59935555120654 2764.0660985352833 741.6835673700062 54.344506648679996 2721.577857730585 642.9158522928676 59.60862891928937 2760.2397669561246 719.8378937190241 375.9229043213709 2751.1613294234817 655.2646433276265 389.8981445284405 2800.3568515767624 
763.7693916192358 -685.6963220694286 2786.7743278767584 620.9012892750679 -704.5338273556537 2784.4516007040334 827.4739348045081 -573.0634555096442 2623.54114599932 710.0475577009258 -556.1474972175405 2560.2325015562633 715.311415214978 -651.3787264000038 2676.176612379345 790.5173821190106 -630.6622074185265 2625.5031479765753 744.2302968610426 -253.03895879245272 2716.733663342159 654.5702217176434 -266.6010776609098 2754.8828841970435 743.4205245656818 56.2250013667206 2723.447791477227 646.1314929169034 61.727704859732484 2757.490063858293 724.494219564535 377.6458167014663 2757.24541696602 655.1269552395 390.7338526749094 2800.39913356418 
772.5333428912978 -687.8691079099491 2791.6406833325673 623.7333745384637 -703.2301888615048 2784.36119787343 849.3718023120468 -572.8076520328826 2683.442703446333 720.66575095502 -558.380553426196 2560.2832987820343 724.2989219821582 -623.471579526519 2703.1774049095475 799.5341990381213 -634.4654927945735 2623.6218472023365 749.8152639867352 -253.88237522360131 2711.5770787526635 659.0772451005612 -265.6759909966598 2743.902833823446 743.8932380691688 59.404313286531746 2725.5667324596707 649.2110608476534 62.70302192427339 2752.83812978775 724.5132523784677 375.3637887811729 2757.184524647601 653.6006617308019 391.42022535393016 2800.5846019142796 
783.5804909209569 -689.2594388835308 2794.573026762864 626.6093569956558 -702.1146046300846 2778.032998361429 855.4398355821812 -577.0866340392647 2685.0842326490247 715.2152100978203 -562.9538876385 2555.161427443397 724.2719375449858 -624.806963869521 2703.031644561915 802.8381626122781 -635.519871391758 2616.84922951247 757.743111284503 -253.87857534893206 2714.827445159629 663.0847569632876 -264.22798019454615 2737.0414431998724 743.0934837098208 66.13350871534155 2727.968728576886 651.2024338564239 65.3100551779949 2750.3626615655576 723.5796640270762 376.3695271283116 2759.529631556019 652.9662655953787 391.96381121165876 2798.507518187237 
787.3948879020065 -689.4710569875875 2787.562443036895 633.1831258034517 -701.8159758084354 2775.352489631816 845.0653587148092 -591.2883832466417 2632.144281108114 702.4167804248118 -565.5674616317984 2561.83956673112 704.4503613596463 -647.7243550432042 2630.368683194015 797.0051310397698 -639.4507453466329 2610.8413412800483 761.2291125103629 -253.5943091157247 2712.2078013207656 667.5080816072968 -262.06897917199655 2732.101112861813 743.0321575923886 77.2798756279982 2730.7636190595795 654.9246736657279 66.93964140408768 2747.8498973168203 723.5796640270762 376.3695271283116 2759.529631556019 654.3530079298861 392.11339963769757 2798.364356877531 
788.1481425579452 -691.7689513619233 2784.9587961970365 632.7260871114853 -701.4246561333582 2773.3816481961703 840.5417540972965 -592.5301537541088 2614.3292724605985 702.6401655786664 -565.7545954088545 2557.971765309935 708.7617586054074 -655.2123937604255 2637.193040575414 795.1141631962496 -640.8425264507397 2604.567258905967 765.3535839011695 -252.08102068389724 2711.7791721575463 671.1383898988165 -259.56726637555346 2729.5623339389626 741.7659636256062 78.57910167199202 2731.002202342383 657.1779473762901 67.06226472650064 2745.4447823881173 724.9409746470244 376.50946837500436 2759.371971698706 653.9790927605394 393.27129675294407 2796.26312198534 
781.9520615086966 -688.4954579930138 2768.348068957469 636.4982053568136 -698.4162061353388 2771.3490294125977 829.4516541324466 -585.558635475854 2579.920964062579 707.9341728528303 -562.5035150124075 2553.286411364335 703.7946327578579 -652.0645780627308 2604.3464503855153 790.0132698288413 -641.3549719825306 2601.0731123349005 763.7860951717063 -249.1700329821283 2701.210204245079 673.3911703720456 -257.1208643412468 2727.199176651516 741.4841093429551 78.89537697079619 2730.8858460031965 661.1007918026281 69.02396240520687 2744.876224469905 724.9409746470244 376.50946837500436 2759.371971698706 653.9790927605394 393.27129675294407 2796.26312198534 
782.998635626118 -693.5841485215108 2756.2404421217257 636.0428262844686 -698.5012926834572 2769.0182766590347 830.0575682288007 -586.5751656604575 2565.710950846099 717.5567636667612 -565.0625776247896 2545.052808032092 708.2422671896672 -660.0977488507136 2606.9953117619107 796.6112521922477 -637.8245146912454 2587.703472547258 764.5470890214183 -248.9923951027512 2698.9502435659074 674.7120604626496 -256.22330652156046 2726.9272875468605 741.3880044511443 79.75127009247967 2730.8607645685647 662.2815058714327 70.7862863338991 2744.660419175839 725.6427005314124 375.94485956781205 2761.4802468404405 653.9790927605394 393.27129675294407 2796.26312198534 
785.3567382804758 -692.4053708361055 2749.580349563215 638.3969719391155 -697.2851673845248 2766.5814890557954 833.7706309813732 -584.8835519180194 2560.7014715759688 725.0310590282975 -565.3027990947106 2543.3312421609744 712.1206848679356 -660.0563729215646 2606.3620183444136 805.5326746260937 -637.7989515732332 2586.2142220171495 766.0621859001787 -248.63735503897308 2694.430793232846 675.5798918131964 -256.0403907827007 2724.7228695052268 741.200357715595 79.21099861509927 2730.774688961401 662.1865337733005 71.61670358391115 2744.6410296974095 726.8875723738083 374.6553900318805 2761.302372421219 653.9790927605394 393.27129675294407 2796.26312198534 
786.2965149855535 -691.6200521524628 2742.704952155388 638.8700728536018 -696.5224056634161 2762.495329412653 834.9566319517896 -583.2357442220043 2556.131909624109 728.1978317431879 -565.2855139057427 2540.4262034152807 707.3674333978521 -656.6043968548738 2589.1255469154157 800.5351734916029 -633.7487171493835 2574.231235426386 766.8162924911521 -248.45995350131957 2692.1713144431155 676.9463799156669 -255.9851344368916 2724.5421233937436 741.862417860302 80.69865054085207 2732.9512718554074 663.4598365028453 72.5498596814063 2744.4485537582946 726.8875723738083 374.6553900318805 2761.302372421219 653.9790927605394 393.27129675294407 2796.26312198534 
792.2465667021931 -692.8949629468664 2748.4838591806983 639.3395432644165 -695.7600780146738 2758.4118931315707 838.772014686083 -583.8959976599193 2559.6661702882393 723.4268788234892 -560.1331019256255 2537.6094173893584 710.0067784419917 -659.3773474481089 2598.8411146683356 797.3617833400031 -634.6311677237933 2572.5490406237877 769.2858898516911 -247.78508201657777 2696.0326620231344 676.3975481932514 -255.01491393932886 2722.4271439874665 743.1234338071087 81.65360598121308 2732.754047292725 663.3638471350457 73.38047860933463 2744.431070667701 726.8875723738083 374.6553900318805 2761.302372421219 653.9790927605394 393.27129675294407 2796.26312198534 
790.4294906176415 -691.6643367561229 2742.2573999096157 640.7329959194816 -695.7757001263153 2758.2612558146925 839.2883435269563 -581.8931291640849 2553.1037366696305 722.2804214234905 -555.1991121183252 2538.3961751424745 711.2943823813652 -659.3632835039506 2598.6269518416525 802.3956650912414 -635.361133875952 2575.8258353518577 770.6293220418974 -247.73231714158118 2695.8463332778188 678.216178745374 -254.24335131040547 2724.1798554162856 741.856831849779 82.9520466776497 2732.989905522363 665.2293543021452 73.56530279779166 2746.3210591037255 727.0052834161002 376.08458680747043 2761.3234663501294 653.9790927605394 393.27129675294407 2796.26312198534 
794.4003188882774 -692.5147701670849 2746.1119972012743 641.6490780397893 -696.7310880364978 2755.961248722402 839.2883435269563 -581.8931291640849 2553.1037366696305 724.3743175191287 -553.313376936931 2531.8391690576705 712.5784189897657 -658.4897262868492 2598.2560773011064 803.6388754658111 -637.0148290944206 2579.9498281681504 772.5755989630753 -245.5797995388654 2697.750131939983 680.9575698679939 -251.92259694335007 2723.838629941988 741.856831849779 82.9520466776497 2732.989905522363 666.5934606198806 75.90499239713245 2746.1914900443708 727.0052834161002 376.08458680747043 2761.3234663501294 653.9790927605394 393.27129675294407 2796.26312198534 
795.0053749391935 -693.8418015229037 2748.376135375109 644.4325093708334 -696.761710080709 2755.6581366573955 841.1967634906525 -582.2222596496032 2554.8696268715835 729.2312951408244 -557.2978183683178 2530.174580634631 713.6350445791467 -663.9652914811653 2602.5707717703685 803.0178589293636 -636.6398273710415 2577.9795785415204 772.5849862651885 -243.35499224274915 2697.761617160873 679.601461440698 -249.7707090442322 2724.039748190194 740.4929420919927 85.10645120920337 2733.202795939859 666.5934606198806 75.90499239713245 2746.1914900443708 727.1417383888753 375.22850163622195 2761.28372190942 653.9632850835808 395.5562101207398 2796.326479436092 
795.0053749391935 -693.8418015229037 2748.376135375109 643.4983044721782 -695.9816178762495 2751.7260207750674 838.5703468968098 -578.8528407826823 2550.662319225763 725.6792167121143 -555.4749819601371 2527.013885909556 712.5503801706994 -662.7333262166252 2598.2617786955675 800.5394823490707 -635.1433816390411 2570.1169745068287 771.8333189183745 -243.53058713496245 2700.0274827581256 680.1053950636111 -249.8950375760783 2726.0677589776024 740.4929420919927 85.10645120920337 2733.202795939859 666.5934606198806 75.90499239713245 2746.1914900443708 727.1417383888753 375.22850163622195 2761.28372190942 653.9632850835808 395.5562101207398 2796.326479436092 
793.0659424086452 -690.7676452194218 2746.8048367006745 644.4195201140037 -695.606712875723 2749.6080016510055 833.9638431611796 -577.6444651609954 2536.6783909029514 725.8365988603472 -555.6690428227258 2523.1477074139602 708.8462619649329 -660.0357654206749 2584.8838110681513 798.6589880014734 -634.7759110021751 2568.375519081978 771.8333189183745 -243.53058713496245 2700.0274827581256 680.1053950636111 -249.8950375760783 2726.0677589776024 740.4013170956703 83.70885092681432 2733.1413397605147 666.5934606198806 75.90499239713245 2746.1914900443708 725.7790817911258 375.0892349857322 2761.44060995431 653.9632850835808 395.5562101207398 2796.326479436092 
790.0352566869988 -688.7276386109179 2736.4396037947104 644.4465983462204 -693.4197816857195 2749.6149370169173 832.0275250746276 -579.442076290715 2527.2229141901075 728.3251225150545 -553.5248960249617 2522.638187498889 709.2893802761859 -659.3276669398174 2576.9895434319074 799.2759105299743 -635.1489641320564 2570.3358242706327 770.5494336735426 -242.23135665960993 2700.320988023886 680.1053950636111 -249.8950375760783 2726.0677589776024 740.4013170956703 83.70885092681432 2733.1413397605147 666.6900398514492 75.07316503732508 2746.2082904066024 725.7790817911258 375.0892349857322 2761.44060995431 653.9632850835808 395.5562101207398 2796.326479436092 
790.6897552830548 -686.4955595080727 2738.8675570495075 647.2216549257773 -693.448233506343 2749.305818585127 833.9798331063441 -580.4921202319936 2533.1192902174053 730.2476980521385 -553.1538726947327 2520.2594851698504 710.8647867002859 -664.31072724748 2583.0237817085026 799.8933980083673 -635.5223714952124 2572.2979591827943 770.5494336735426 -242.23135665960993 2700.320988023886 679.6605696998594 -248.40545253734206 2724.149032954932 740.4986095396168 82.85324031403073 2733.16397755846 666.6900398514492 75.07316503732508 2746.2082904066024 725.7790817911258 375.0892349857322 2761.44060995431 653.9632850835808 395.5562101207398 2796.326479436092 
790.6600741865035 -688.7302400908188 2738.8749998417643 646.7661119521567 -692.198227224139 2747.166440084318 835.8704449218233 -580.8182151490284 2534.859568805022 730.8243089439591 -552.2393339318886 2522.2819262317507 711.9266252194101 -666.8057375306203 2587.160025603257 798.6033953931317 -636.7708048010867 2572.3613226688713 770.6017564373759 -243.10468829891906 2700.418821467818 681.0755597288264 -249.19266017667363 2724.057895835069 739.1402157912916 82.75442182308359 2733.338071584618 666.6900398514492 75.07316503732508 2746.2082904066024 725.214016949843 374.798962979254 2759.291712443357 654.1020165908383 394.72107209665336 2796.2820715706825 
791.2411088259602 -690.4575710273962 2740.766322409848 648.1520678009662 -692.2117363270636 2747.0108375526484 836.6865597225597 -589.2464418951386 2538.2553780160083 730.2732871254419 -551.9222650498598 2520.3934547670956 712.457741587706 -668.055396486765 2589.231735774447 799.218579636513 -636.2427695828204 2574.139393815261 771.1939569524885 -243.2263141930232 2702.5004915210966 680.5706355983265 -249.06908194772393 2722.0305373564747 739.1402157912916 82.75442182308359 2733.338071584618 666.6900398514492 75.07316503732508 2746.2082904066024 725.214016949843 374.798962979254 2759.291712443357 654.1020165908383 394.72107209665336 2796.2820715706825 
791.2657770449485 -689.1372044740132 2740.946316703203 648.1520678009662 -692.2117363270636 2747.0108375526484 837.9103612797129 -588.32593019665 2537.8659751479167 729.1839796551632 -552.1482469551958 2516.7758244778556 714.2714371028043 -668.4323033735623 2590.9256349849325 801.7505407288585 -636.2311820441364 2573.7046179070235 771.1939569524885 -243.2263141930232 2702.5004915210966 680.5706355983265 -249.06908194772393 2722.0305373564747 739.1402157912916 82.75442182308359 2733.338071584618 668.0594828405033 75.17644374181926 2746.0353509396127 725.214016949843 374.798962979254 2759.291712443357 654.1020165908383 394.72107209665336 2796.2820715706825 
791.2657770449485 -689.1372044740132 2740.946316703203 650.0102256642302 -692.6140234721056 2748.82238734446 836.6356264346589 -586.5496953129651 2537.772768020084 728.6452033424104 -552.691103339651 2515.0476336119955 714.2714371028043 -668.4323033735623 2590.9256349849325 804.9294876372303 -635.3501157996332 2575.392674972518 771.2459197716954 -244.10032603219992 2702.5992200802807 680.5706355983265 -249.06908194772393 2722.0305373564747 739.1402157912916 82.75442182308359 2733.338071584618 666.6900398514492 75.07316503732508 2746.2082904066024 725.214016949843 374.798962979254 2759.291712443357 654.1020165908383 394.72107209665336 2796.2820715706825 
789.9386976846273 -686.4803466509765 2741.456331026801 650.0102256642302 -692.6140234721056 2748.82238734446 836.8069900595624 -596.4594028230584 2539.581037485359 735.4512879928423 -553.4440840427636 2511.541534388876 714.2713937215975 -669.2953807717265 2591.0894492338484 804.9294876372303 -635.3501157996332 2575.392674972518 771.30812383005 -242.7468788868496 2702.7090829290114 681.9941097507701 -247.64880109748418 2721.9582400530794 739.2369963689463 81.89913141332022 2733.361708527366 666.6900398514492 75.07316503732508 2746.2082904066024 725.3498999923627 373.9437975841146 2759.2530097289373 653.9790927605394 393.27129675294407 2796.26312198534 
790.0391473187573 -681.1973491909475 2742.1763292268124 649.9960961818473 -693.4766813583926 2748.9967683737264 838.6765241413864 -594.9921366757577 2540.9908754675807 734.8812176892426 -555.2130652630997 2509.6799909074125 715.5535846130158 -669.2842704392065 2590.8730939222182 807.4624663254153 -635.3391024504798 2574.95965871523 771.9010377964385 -242.8679642893824 2704.7929225768567 681.9941097507701 -247.64880109748418 2721.9582400530794 739.2369963689463 81.89913141332022 2733.361708527366 666.6900398514492 75.07316503732508 2746.2082904066024 725.3498999923627 373.9437975841146 2759.2530097289373 653.9790927605394 393.27129675294407 2796.26312198534 
790.6445263565063 -681.5984709087251 2744.250193741269 649.9834031306478 -694.8024058729738 2748.8154829433697 838.7617137825905 -597.3741849231948 2541.81128178455 733.6277455071559 -556.4648198273239 2509.7951122401546 717.3875681836375 -668.4062637128915 2592.7273314656977 813.7912239683228 -635.3115896931502 2573.8777481419143 771.8387275425152 -244.22245389695786 2704.6828178100554 681.9941097507701 -247.64880109748418 2721.9582400530794 739.8059247202062 81.99166075023649 2735.476688485096 666.7861548001928 74.24122445550364 2746.2260179545897 725.3498999923627 373.9437975841146 2759.2530097289373 654.1174648611252 392.43622399997787 2796.2192904939443 
790.7472763255959 -676.3103443093459 2744.9711849991027 649.9960961818473 -693.4766813583926 2748.9967683737264 838.1179026985242 -597.9220981322803 2540.009318032956 732.3742937695105 -557.7167875886524 2509.9102052050243 717.3875681836375 -668.4062637128915 2592.7273314656977 816.3212524882085 -635.3005928085123 2573.4452357548125 770.5518773507595 -242.9202997904216 2704.9757152673824 681.9941097507701 -247.64880109748418 2721.9582400530794 741.1657423088953 82.09017319504404 2735.3034860714515 666.7861548001928 74.24122445550364 2746.2260179545897 725.214016949843 374.798962979254 2759.291712443357 654.1174648611252 392.43622399997787 2796.2192904939443 
790.7214025074476 -677.632483995514 2744.790942084221 649.9960961818473 -693.4766813583926 2748.9967683737264 836.8761541938165 -597.9380299357472 2540.236210948093 731.6976688454275 -558.0638729336354 2512.040366828612 716.1042884122053 -668.4170762691044 2592.9428897026833 815.0563434971091 -635.3060906653194 2573.6614739687157 770.603307288651 -243.79472009130433 2705.0756784855134 680.6297003517 -247.7050063648383 2722.1399197459864 741.1657423088953 82.09017319504404 2735.3034860714515 666.7861548001928 74.24122445550364 2746.2260179545897 724.7852985914619 373.65420185196604 2757.1061335931763 654.1174648611252 392.43622399997787 2796.2192904939443 
790.1353793888055 -676.8310807579096 2743.0872296507996 650.0088924332669 -692.1509006807257 2749.178050192625 834.9510153304744 -598.8302112236756 2538.3493817199414 731.6976688454275 -558.0638729336354 2512.040366828612 714.820796508315 -668.4278911243414 2593.1584835081417 813.7939959395916 -636.2196147665938 2574.063773994131 769.4205903066686 -243.55193555522746 2700.9118230828944 680.6297003517 -247.7050063648383 2722.1399197459864 741.1657423088953 82.09017319504404 2735.3034860714515 666.7861548001928 74.24122445550364 2746.2260179545897 724.7852985914619 373.65420185196604 2757.1061335931763 654.1174648611252 392.43622399997787 2796.2192904939443 
790.9066467157027 -676.4508431823989 2740.863214935573 650.4817515565596 -692.539358870846 2751.1470401735883 834.9383837087096 -597.9261594577921 2538.17799581762 730.4781113981077 -558.9500349198998 2512.4444587258977 714.820796508315 -668.4278911243414 2593.1584835081417 813.7939959395916 -636.2196147665938 2574.063773994131 769.4205903066686 -243.55193555522746 2700.9118230828944 680.6783393122096 -248.5490115230838 2722.2308350600897 739.897511834747 83.39028682086084 2735.539096484733 666.7861548001928 74.24122445550364 2746.2260179545897 724.9206836445412 372.7994945043611 2757.068365176081 654.1174648611252 392.43622399997787 2796.2192904939443 
792.2765349807045 -677.3866582877924 2740.9041810271124 650.4817515565596 -692.539358870846 2751.1470401735883 834.2855573692327 -597.5686055810762 2536.209670386091 729.2477165539535 -558.975907522149 2512.6927663960096 714.8193648380823 -670.1566148426442 2593.489167820488 813.1889752620153 -634.6009715859021 2572.2449599609786 769.4205903066686 -243.55193555522746 2700.9118230828944 680.6783393122096 -248.5490115230838 2722.2308350600897 739.897511834747 83.39028682086084 2735.539096484733 667.285097039674 74.32366515530794 2748.2929832508103 724.9206836445412 372.7994945043611 2757.068365176081 654.1174648611252 392.43622399997787 2796.2192904939443 
793.6528060049192 -677.4040000318946 2740.753218713543 650.4817515565596 -692.539358870846 2751.1470401735883 833.6976449972999 -597.9427851732686 2538.4057339353626 740.2369129882321 -562.419950034122 2510.0570058426824 713.5354856337751 -670.1665394251265 2593.7046341754394 813.1889752620153 -634.6009715859021 2572.2449599609786 769.4205903066686 -243.55193555522746 2700.9118230828944 681.2425816368054 -247.30691491583372 2724.3683715896555 739.897511834747 83.39028682086084 2735.539096484733 667.285097039674 74.32366515530794 2748.2929832508103 723.5604218280515 372.6616468030662 2757.22742166968 654.1174648611252 392.43622399997787 2796.2192904939443 
795.0289280853666 -677.4213402335969 2740.6022726913952 650.4817515565596 -692.539358870846 2751.1470401735883 833.6847690069524 -597.0396529476089 2538.2352898513313 738.9589668376594 -564.8973491378625 2510.0361820979283 713.5194541843658 -671.4229239358198 2593.547688909999 813.2153093667308 -633.3581040282967 2572.3995839017693 769.4826855091293 -242.19950455687524 2701.021802699224 681.3018595482829 -245.94181880597384 2724.4783348061233 739.897511834747 83.39028682086084 2735.539096484733 667.285097039674 74.32366515530794 2748.2929832508103 723.4251119141987 373.51589542015955 2757.265083376631 654.1174648611252 392.43622399997787 2796.2192904939443 
796.4311444650865 -676.1193706771815 2740.6316287620607 650.9680324499793 -691.6004086057903 2753.29948213417 834.9254019794005 -597.0226041456503 2538.0074849998455 738.9837695088382 -563.6717682370635 2510.170517345153 713.5203706364726 -670.5590300887525 2593.382341238215 811.9509379463905 -633.3631124543606 2572.616642520253 769.5449050734716 -240.84698121278493 2701.1317729512193 681.3498748498649 -246.78677762479558 2724.5708346557967 739.897511834747 83.39028682086084 2735.539096484733 667.285097039674 74.32366515530794 2748.2929832508103 723.4251119141987 373.51589542015955 2757.265083376631 654.1174648611252 392.43622399997787 2796.2192904939443 
